iso3_a,iso3_b,prox1
ARG,ARG,1.0
ARG,AUS,0.25
ARG,AUT,0.25
ARG,BEL,0.0
ARG,BIH,0.25
ARG,BLR,0.25
ARG,BOL,0.5400000214576721
ARG,BRA,0.75
ARG,CAN,0.32499998807907104
ARG,CHE,0.3149999976158142
ARG,CHL,1.0
ARG,CHN,0.0
ARG,COL,1.0
ARG,CYP,0.19750000536441803
ARG,CZE,0.25
ARG,DEU,0.25
ARG,DNK,0.25
ARG,DOM,1.0
ARG,ECU,1.0
ARG,ESP,1.0
ARG,FIN,0.0
ARG,FRA,0.5
ARG,GBR,0.25
ARG,GEO,0.0
ARG,GRC,0.25
ARG,HRV,0.25
ARG,HUN,0.0
ARG,IDN,0.0
ARG,IND,0.0
ARG,ISR,0.032499998807907104
ARG,ITA,0.5
ARG,JAM,0.25
ARG,JPN,0.0
ARG,KAZ,0.10249999910593033
ARG,KOR,0.0
ARG,LBN,0.0
ARG,LTU,0.25
ARG,MAR,0.0
ARG,MCO,0.5
ARG,MDA,0.5
ARG,MEX,1.0
ARG,NLD,0.25
ARG,NOR,0.25
ARG,NZL,0.25
ARG,PAK,0.25
ARG,PER,1.0
ARG,PHL,0.0
ARG,POL,0.25
ARG,PRT,0.75
ARG,ROU,0.5
ARG,RUS,0.25
ARG,SLV,1.0
ARG,SRB,0.25
ARG,SVK,0.25
ARG,SVN,0.25
ARG,SWE,0.25
ARG,THA,0.0
ARG,TUN,0.0
ARG,TWN,0.0
ARG,UKR,0.25
ARG,URY,1.0
ARG,USA,0.36250001192092896
ARG,UZB,0.03999999910593033
ARG,VEN,1.0
ARG,ZAF,0.0
AUS,AUS,1.0
AUS,AUT,0.5
AUS,BEL,0.0
AUS,BIH,0.25
AUS,BLR,0.25
AUS,BOL,0.13500000536441803
AUS,BRA,0.25
AUS,CAN,0.7749999761581421
AUS,CHE,0.4350000023841858
AUS,CHL,0.25
AUS,CHN,0.0
AUS,COL,0.25
AUS,CYP,0.19750000536441803
AUS,CZE,0.25
AUS,DEU,0.5
AUS,DNK,0.5
AUS,DOM,0.25
AUS,ECU,0.25
AUS,ESP,0.25
AUS,FIN,0.0
AUS,FRA,0.25
AUS,GBR,1.0
AUS,GEO,0.0
AUS,GRC,0.25
AUS,HRV,0.25
AUS,HUN,0.0
AUS,IDN,0.0
AUS,IND,0.0
AUS,ISR,0.032499998807907104
AUS,ITA,0.25
AUS,JAM,1.0
AUS,JPN,0.0
AUS,KAZ,0.10249999910593033
AUS,KOR,0.0
AUS,LBN,0.0
AUS,LTU,0.25
AUS,MAR,0.0
AUS,MCO,0.25
AUS,MDA,0.25
AUS,MEX,0.25
AUS,NLD,0.5
AUS,NOR,0.5
AUS,NZL,1.0
AUS,PAK,0.5
AUS,PER,0.25
AUS,PHL,0.0
AUS,POL,0.25
AUS,PRT,0.25
AUS,ROU,0.25
AUS,RUS,0.25
AUS,SLV,0.25
AUS,SRB,0.25
AUS,SVK,0.25
AUS,SVN,0.25
AUS,SWE,0.5
AUS,THA,0.0
AUS,TUN,0.0
AUS,TWN,0.0
AUS,UKR,0.25
AUS,URY,0.25
AUS,USA,0.8875000476837158
AUS,UZB,0.03999999910593033
AUS,VEN,0.25
AUS,ZAF,0.0
AUT,AUT,1.0
AUT,BEL,0.0
AUT,BIH,0.25
AUT,BLR,0.25
AUT,BOL,0.13500000536441803
AUT,BRA,0.25
AUT,CAN,0.42500001192092896
AUT,CHE,0.8050000071525574
AUT,CHL,0.25
AUT,CHN,0.0
AUT,COL,0.25
AUT,CYP,0.19750000536441803
AUT,CZE,0.25
AUT,DEU,1.0
AUT,DNK,0.5
AUT,DOM,0.25
AUT,ECU,0.25
AUT,ESP,0.25
AUT,FIN,0.0
AUT,FRA,0.25
AUT,GBR,0.5
AUT,GEO,0.0
AUT,GRC,0.25
AUT,HRV,0.25
AUT,HUN,0.0
AUT,IDN,0.0
AUT,IND,0.0
AUT,ISR,0.032499998807907104
AUT,ITA,0.25
AUT,JAM,0.5
AUT,JPN,0.0
AUT,KAZ,0.10249999910593033
AUT,KOR,0.0
AUT,LBN,0.0
AUT,LTU,0.25
AUT,MAR,0.0
AUT,MCO,0.25
AUT,MDA,0.25
AUT,MEX,0.25
AUT,NLD,0.75
AUT,NOR,0.5
AUT,NZL,0.5
AUT,PAK,0.25
AUT,PER,0.25
AUT,PHL,0.0
AUT,POL,0.25
AUT,PRT,0.25
AUT,ROU,0.25
AUT,RUS,0.25
AUT,SLV,0.25
AUT,SRB,0.25
AUT,SVK,0.25
AUT,SVN,0.25
AUT,SWE,0.5
AUT,THA,0.0
AUT,TUN,0.0
AUT,TWN,0.0
AUT,UKR,0.25
AUT,URY,0.25
AUT,USA,0.4625000059604645
AUT,UZB,0.03999999910593033
AUT,VEN,0.25
AUT,ZAF,0.0
BEL,BEL,1.0
BEL,BIH,0.0
BEL,BLR,0.0
BEL,BOL,0.0
BEL,BRA,0.0
BEL,CAN,0.0
BEL,CHE,0.0
BEL,CHL,0.0
BEL,CHN,0.0
BEL,COL,0.0
BEL,CYP,0.0
BEL,CZE,0.0
BEL,DEU,0.0
BEL,DNK,0.0
BEL,DOM,0.0
BEL,ECU,0.0
BEL,ESP,0.0
BEL,FIN,0.0
BEL,FRA,0.0
BEL,GBR,0.0
BEL,GEO,0.0
BEL,GRC,0.0
BEL,HRV,0.0
BEL,HUN,0.0
BEL,IDN,0.0
BEL,IND,0.0
BEL,ISR,0.0
BEL,ITA,0.0
BEL,JAM,0.0
BEL,JPN,0.0
BEL,KAZ,0.0
BEL,KOR,0.0
BEL,LBN,0.0
BEL,LTU,0.0
BEL,MAR,0.0
BEL,MCO,1.0
BEL,MDA,0.0
BEL,MEX,0.0
BEL,NLD,0.0
BEL,NOR,0.0
BEL,NZL,0.0
BEL,PAK,0.0
BEL,PER,0.0
BEL,PHL,0.0
BEL,POL,0.0
BEL,PRT,0.0
BEL,ROU,0.0
BEL,RUS,0.0
BEL,SLV,0.0
BEL,SRB,0.0
BEL,SVK,0.0
BEL,SVN,0.0
BEL,SWE,0.0
BEL,THA,0.0
BEL,TUN,0.0
BEL,TWN,0.0
BEL,UKR,0.0
BEL,URY,0.0
BEL,USA,0.0
BEL,UZB,0.0
BEL,VEN,0.0
BEL,ZAF,0.0
BIH,BIH,1.0
BIH,BLR,0.5
BIH,BOL,0.13500000536441803
BIH,BRA,0.25
BIH,CAN,0.25
BIH,CHE,0.25
BIH,CHL,0.25
BIH,CHN,0.0
BIH,COL,0.25
BIH,CYP,0.19750000536441803
BIH,CZE,0.5
BIH,DEU,0.25
BIH,DNK,0.25
BIH,DOM,0.25
BIH,ECU,0.25
BIH,ESP,0.25
BIH,FIN,0.0
BIH,FRA,0.25
BIH,GBR,0.25
BIH,GEO,0.0
BIH,GRC,0.25
BIH,HRV,0.75
BIH,HUN,0.0
BIH,IDN,0.0
BIH,IND,0.0
BIH,ISR,0.06499999761581421
BIH,ITA,0.25
BIH,JAM,0.25
BIH,JPN,0.0
BIH,KAZ,0.20499999821186066
BIH,KOR,0.0
BIH,LBN,0.0
BIH,LTU,0.25
BIH,MAR,0.0
BIH,MCO,0.25
BIH,MDA,0.25
BIH,MEX,0.25
BIH,NLD,0.25
BIH,NOR,0.25
BIH,NZL,0.25
BIH,PAK,0.25
BIH,PER,0.25
BIH,PHL,0.0
BIH,POL,0.5
BIH,PRT,0.25
BIH,ROU,0.25
BIH,RUS,0.5
BIH,SLV,0.25
BIH,SRB,0.8575000166893005
BIH,SVK,0.5
BIH,SVN,0.5
BIH,SWE,0.25
BIH,THA,0.0
BIH,TUN,0.0
BIH,TWN,0.0
BIH,UKR,0.5
BIH,URY,0.25
BIH,USA,0.25
BIH,UZB,0.07999999821186066
BIH,VEN,0.25
BIH,ZAF,0.0
BLR,BLR,1.0
BLR,BOL,0.13500000536441803
BLR,BRA,0.25
BLR,CAN,0.25
BLR,CHE,0.25
BLR,CHL,0.25
BLR,CHN,0.0
BLR,COL,0.25
BLR,CYP,0.19750000536441803
BLR,CZE,0.5
BLR,DEU,0.25
BLR,DNK,0.25
BLR,DOM,0.25
BLR,ECU,0.25
BLR,ESP,0.25
BLR,FIN,0.0
BLR,FRA,0.25
BLR,GBR,0.25
BLR,GEO,0.0
BLR,GRC,0.25
BLR,HRV,0.5
BLR,HUN,0.0
BLR,IDN,0.0
BLR,IND,0.0
BLR,ISR,0.12999999523162842
BLR,ITA,0.25
BLR,JAM,0.25
BLR,JPN,0.0
BLR,KAZ,0.4099999964237213
BLR,KOR,0.0
BLR,LBN,0.0
BLR,LTU,0.25
BLR,MAR,0.0
BLR,MCO,0.25
BLR,MDA,0.25
BLR,MEX,0.25
BLR,NLD,0.25
BLR,NOR,0.25
BLR,NZL,0.25
BLR,PAK,0.25
BLR,PER,0.25
BLR,PHL,0.0
BLR,POL,0.5
BLR,PRT,0.25
BLR,ROU,0.25
BLR,RUS,1.0
BLR,SLV,0.25
BLR,SRB,0.5
BLR,SVK,0.5
BLR,SVN,0.5
BLR,SWE,0.25
BLR,THA,0.0
BLR,TUN,0.0
BLR,TWN,0.0
BLR,UKR,0.824999988079071
BLR,URY,0.25
BLR,USA,0.25
BLR,UZB,0.1599999964237213
BLR,VEN,0.25
BLR,ZAF,0.0
BOL,BOL,1.0
BOL,BRA,0.4050000309944153
BOL,CAN,0.17550000548362732
BOL,CHE,0.17010000348091125
BOL,CHL,0.5400000214576721
BOL,CHN,0.0
BOL,COL,0.5400000214576721
BOL,CYP,0.10665000975131989
BOL,CZE,0.13500000536441803
BOL,DEU,0.13500000536441803
BOL,DNK,0.13500000536441803
BOL,DOM,0.5400000214576721
BOL,ECU,0.5400000214576721
BOL,ESP,0.5400000214576721
BOL,FIN,0.0
BOL,FRA,0.27000001072883606
BOL,GBR,0.13500000536441803
BOL,GEO,0.0
BOL,GRC,0.13500000536441803
BOL,HRV,0.13500000536441803
BOL,HUN,0.0
BOL,IDN,0.0
BOL,IND,0.0
BOL,ISR,0.017550000920891762
BOL,ITA,0.27000001072883606
BOL,JAM,0.13500000536441803
BOL,JPN,0.0
BOL,KAZ,0.05535000190138817
BOL,KOR,0.0
BOL,LBN,0.0
BOL,LTU,0.13500000536441803
BOL,MAR,0.0
BOL,MCO,0.27000001072883606
BOL,MDA,0.27000001072883606
BOL,MEX,0.5400000214576721
BOL,NLD,0.13500000536441803
BOL,NOR,0.13500000536441803
BOL,NZL,0.13500000536441803
BOL,PAK,0.13500000536441803
BOL,PER,0.5400000214576721
BOL,PHL,0.0
BOL,POL,0.13500000536441803
BOL,PRT,0.4050000309944153
BOL,ROU,0.27000001072883606
BOL,RUS,0.13500000536441803
BOL,SLV,0.5400000214576721
BOL,SRB,0.13500000536441803
BOL,SVK,0.13500000536441803
BOL,SVN,0.13500000536441803
BOL,SWE,0.13500000536441803
BOL,THA,0.0
BOL,TUN,0.0
BOL,TWN,0.0
BOL,UKR,0.13500000536441803
BOL,URY,0.5400000214576721
BOL,USA,0.19575001299381256
BOL,UZB,0.02160000056028366
BOL,VEN,0.5400000214576721
BOL,ZAF,0.0
BRA,BRA,1.0
BRA,CAN,0.32499998807907104
BRA,CHE,0.3149999976158142
BRA,CHL,0.75
BRA,CHN,0.0
BRA,COL,0.75
BRA,CYP,0.19750000536441803
BRA,CZE,0.25
BRA,DEU,0.25
BRA,DNK,0.25
BRA,DOM,0.75
BRA,ECU,0.75
BRA,ESP,0.75
BRA,FIN,0.0
BRA,FRA,0.5
BRA,GBR,0.25
BRA,GEO,0.0
BRA,GRC,0.25
BRA,HRV,0.25
BRA,HUN,0.0
BRA,IDN,0.0
BRA,IND,0.0
BRA,ISR,0.032499998807907104
BRA,ITA,0.5
BRA,JAM,0.25
BRA,JPN,0.0
BRA,KAZ,0.10249999910593033
BRA,KOR,0.0
BRA,LBN,0.0
BRA,LTU,0.25
BRA,MAR,0.0
BRA,MCO,0.5
BRA,MDA,0.5
BRA,MEX,0.75
BRA,NLD,0.25
BRA,NOR,0.25
BRA,NZL,0.25
BRA,PAK,0.25
BRA,PER,0.75
BRA,PHL,0.0
BRA,POL,0.25
BRA,PRT,1.0
BRA,ROU,0.5
BRA,RUS,0.25
BRA,SLV,0.75
BRA,SRB,0.25
BRA,SVK,0.25
BRA,SVN,0.25
BRA,SWE,0.25
BRA,THA,0.0
BRA,TUN,0.0
BRA,TWN,0.0
BRA,UKR,0.25
BRA,URY,0.75
BRA,USA,0.32500001788139343
BRA,UZB,0.03999999910593033
BRA,VEN,0.75
BRA,ZAF,0.0
CAN,CAN,1.0
CAN,CHE,0.43800002336502075
CAN,CHL,0.32499998807907104
CAN,CHN,0.0
CAN,COL,0.32499998807907104
CAN,CYP,0.19750002026557922
CAN,CZE,0.25
CAN,DEU,0.42500001192092896
CAN,DNK,0.42500001192092896
CAN,DOM,0.32499998807907104
CAN,ECU,0.32499998807907104
CAN,ESP,0.32499998807907104
CAN,FIN,0.0
CAN,FRA,0.4750000238418579
CAN,GBR,0.7749999761581421
CAN,GEO,0.0
CAN,GRC,0.25
CAN,HRV,0.25
CAN,HUN,0.0
CAN,IDN,0.0
CAN,IND,0.0
CAN,ISR,0.032499998807907104
CAN,ITA,0.32499998807907104
CAN,JAM,0.7749999761581421
CAN,JPN,0.0
CAN,KAZ,0.10249999910593033
CAN,KOR,0.0
CAN,LBN,0.0
CAN,LTU,0.25
CAN,MAR,0.0
CAN,MCO,1.0
CAN,MDA,0.32499998807907104
CAN,MEX,0.32499998807907104
CAN,NLD,0.42500001192092896
CAN,NOR,0.42500001192092896
CAN,NZL,0.7749999761581421
CAN,PAK,0.42500001192092896
CAN,PER,0.32499998807907104
CAN,PHL,0.0
CAN,POL,0.25
CAN,PRT,0.32499998807907104
CAN,ROU,0.32499998807907104
CAN,RUS,0.25
CAN,SLV,0.32499998807907104
CAN,SRB,0.25
CAN,SVK,0.25
CAN,SVN,0.25
CAN,SWE,0.42500001192092896
CAN,THA,0.0
CAN,TUN,0.0
CAN,TWN,0.0
CAN,UKR,0.25
CAN,URY,0.32499998807907104
CAN,USA,0.7075000405311584
CAN,UZB,0.03999999910593033
CAN,VEN,0.32499998807907104
CAN,ZAF,0.0
CHE,CHE,1.0
CHE,CHL,0.3149999976158142
CHE,CHN,0.0
CHE,COL,0.3149999976158142
CHE,CYP,0.19750000536441803
CHE,CZE,0.25
CHE,DEU,0.8050000071525574
CHE,DNK,0.4350000023841858
CHE,DOM,0.3149999976158142
CHE,ECU,0.3149999976158142
CHE,ESP,0.3149999976158142
CHE,FIN,0.0
CHE,FRA,0.4449999928474426
CHE,GBR,0.4350000023841858
CHE,GEO,0.0
CHE,GRC,0.25
CHE,HRV,0.25
CHE,HUN,0.0
CHE,IDN,0.0
CHE,IND,0.0
CHE,ISR,0.032499998807907104
CHE,ITA,0.3149999976158142
CHE,JAM,0.4350000023841858
CHE,JPN,0.0
CHE,KAZ,0.10249999910593033
CHE,KOR,0.0
CHE,LBN,0.0
CHE,LTU,0.25
CHE,MAR,0.0
CHE,MCO,1.0
CHE,MDA,0.3149999976158142
CHE,MEX,0.3149999976158142
CHE,NLD,0.6200000047683716
CHE,NOR,0.4350000023841858
CHE,NZL,0.4350000023841858
CHE,PAK,0.25
CHE,PER,0.3149999976158142
CHE,PHL,0.0
CHE,POL,0.25
CHE,PRT,0.3149999976158142
CHE,ROU,0.3149999976158142
CHE,RUS,0.25
CHE,SLV,0.3149999976158142
CHE,SRB,0.25
CHE,SVK,0.25
CHE,SVN,0.25
CHE,SWE,0.4350000023841858
CHE,THA,0.0
CHE,TUN,0.0
CHE,TWN,0.0
CHE,UKR,0.25
CHE,URY,0.3149999976158142
CHE,USA,0.4169999957084656
CHE,UZB,0.03999999910593033
CHE,VEN,0.3149999976158142
CHE,ZAF,0.0
CHL,CHL,1.0
CHL,CHN,0.0
CHL,COL,1.0
CHL,CYP,0.19750000536441803
CHL,CZE,0.25
CHL,DEU,0.25
CHL,DNK,0.25
CHL,DOM,1.0
CHL,ECU,1.0
CHL,ESP,1.0
CHL,FIN,0.0
CHL,FRA,0.5
CHL,GBR,0.25
CHL,GEO,0.0
CHL,GRC,0.25
CHL,HRV,0.25
CHL,HUN,0.0
CHL,IDN,0.0
CHL,IND,0.0
CHL,ISR,0.032499998807907104
CHL,ITA,0.5
CHL,JAM,0.25
CHL,JPN,0.0
CHL,KAZ,0.10249999910593033
CHL,KOR,0.0
CHL,LBN,0.0
CHL,LTU,0.25
CHL,MAR,0.0
CHL,MCO,0.5
CHL,MDA,0.5
CHL,MEX,1.0
CHL,NLD,0.25
CHL,NOR,0.25
CHL,NZL,0.25
CHL,PAK,0.25
CHL,PER,1.0
CHL,PHL,0.0
CHL,POL,0.25
CHL,PRT,0.75
CHL,ROU,0.5
CHL,RUS,0.25
CHL,SLV,1.0
CHL,SRB,0.25
CHL,SVK,0.25
CHL,SVN,0.25
CHL,SWE,0.25
CHL,THA,0.0
CHL,TUN,0.0
CHL,TWN,0.0
CHL,UKR,0.25
CHL,URY,1.0
CHL,USA,0.36250001192092896
CHL,UZB,0.03999999910593033
CHL,VEN,1.0
CHL,ZAF,0.0
CHN,CHN,1.0
CHN,COL,0.0
CHN,CYP,0.0
CHN,CZE,0.0
CHN,DEU,0.0
CHN,DNK,0.0
CHN,DOM,0.0
CHN,ECU,0.0
CHN,ESP,0.0
CHN,FIN,0.0
CHN,FRA,0.0
CHN,GBR,0.0
CHN,GEO,0.0
CHN,GRC,0.0
CHN,HRV,0.0
CHN,HUN,0.0
CHN,IDN,0.0
CHN,IND,0.0
CHN,ISR,0.0
CHN,ITA,0.0
CHN,JAM,0.0
CHN,JPN,0.0
CHN,KAZ,0.0
CHN,KOR,0.0
CHN,LBN,0.0
CHN,LTU,0.0
CHN,MAR,0.0
CHN,MCO,0.0
CHN,MDA,0.0
CHN,MEX,0.0
CHN,NLD,0.0
CHN,NOR,0.0
CHN,NZL,0.0
CHN,PAK,0.0
CHN,PER,0.0
CHN,PHL,0.0
CHN,POL,0.0
CHN,PRT,0.0
CHN,ROU,0.0
CHN,RUS,0.0
CHN,SLV,0.0
CHN,SRB,0.0
CHN,SVK,0.0
CHN,SVN,0.0
CHN,SWE,0.0
CHN,THA,0.0
CHN,TUN,0.0
CHN,TWN,1.0
CHN,UKR,0.0
CHN,URY,0.0
CHN,USA,0.0
CHN,UZB,0.0
CHN,VEN,0.0
CHN,ZAF,0.0
COL,COL,1.0
COL,CYP,0.19750000536441803
COL,CZE,0.25
COL,DEU,0.25
COL,DNK,0.25
COL,DOM,1.0
COL,ECU,1.0
COL,ESP,1.0
COL,FIN,0.0
COL,FRA,0.5
COL,GBR,0.25
COL,GEO,0.0
COL,GRC,0.25
COL,HRV,0.25
COL,HUN,0.0
COL,IDN,0.0
COL,IND,0.0
COL,ISR,0.032499998807907104
COL,ITA,0.5
COL,JAM,0.25
COL,JPN,0.0
COL,KAZ,0.10249999910593033
COL,KOR,0.0
COL,LBN,0.0
COL,LTU,0.25
COL,MAR,0.0
COL,MCO,0.5
COL,MDA,0.5
COL,MEX,1.0
COL,NLD,0.25
COL,NOR,0.25
COL,NZL,0.25
COL,PAK,0.25
COL,PER,1.0
COL,PHL,0.0
COL,POL,0.25
COL,PRT,0.75
COL,ROU,0.5
COL,RUS,0.25
COL,SLV,1.0
COL,SRB,0.25
COL,SVK,0.25
COL,SVN,0.25
COL,SWE,0.25
COL,THA,0.0
COL,TUN,0.0
COL,TWN,0.0
COL,UKR,0.25
COL,URY,1.0
COL,USA,0.36250001192092896
COL,UZB,0.03999999910593033
COL,VEN,1.0
COL,ZAF,0.0
CYP,CYP,1.0
CYP,CZE,0.19750000536441803
CYP,DEU,0.19750000536441803
CYP,DNK,0.19750000536441803
CYP,DOM,0.19750000536441803
CYP,ECU,0.19750000536441803
CYP,ESP,0.19750000536441803
CYP,FIN,0.0
CYP,FRA,0.19750000536441803
CYP,GBR,0.19750000536441803
CYP,GEO,0.0
CYP,GRC,0.7900000214576721
CYP,HRV,0.19750000536441803
CYP,HUN,0.0
CYP,IDN,0.0
CYP,IND,0.0
CYP,ISR,0.025675000622868538
CYP,ITA,0.19750000536441803
CYP,JAM,0.19750000536441803
CYP,JPN,0.0
CYP,KAZ,0.14292499423027039
CYP,KOR,0.0
CYP,LBN,0.0
CYP,LTU,0.19750000536441803
CYP,MAR,0.0
CYP,MCO,0.19750000536441803
CYP,MDA,0.19750000536441803
CYP,MEX,0.19750000536441803
CYP,NLD,0.19750000536441803
CYP,NOR,0.19750000536441803
CYP,NZL,0.19750000536441803
CYP,PAK,0.19750000536441803
CYP,PER,0.19750000536441803
CYP,PHL,0.0
CYP,POL,0.19750000536441803
CYP,PRT,0.19750000536441803
CYP,ROU,0.19750000536441803
CYP,RUS,0.19750000536441803
CYP,SLV,0.19750000536441803
CYP,SRB,0.19750000536441803
CYP,SVK,0.19750000536441803
CYP,SVN,0.19750000536441803
CYP,SWE,0.19750000536441803
CYP,THA,0.0
CYP,TUN,0.0
CYP,TWN,0.0
CYP,UKR,0.19750002026557922
CYP,URY,0.19750000536441803
CYP,USA,0.19750000536441803
CYP,UZB,0.11979999393224716
CYP,VEN,0.19750000536441803
CYP,ZAF,0.0
CZE,CZE,1.0
CZE,DEU,0.25
CZE,DNK,0.25
CZE,DOM,0.25
CZE,ECU,0.25
CZE,ESP,0.25
CZE,FIN,0.0
CZE,FRA,0.25
CZE,GBR,0.25
CZE,GEO,0.0
CZE,GRC,0.25
CZE,HRV,0.5
CZE,HUN,0.0
CZE,IDN,0.0
CZE,IND,0.0
CZE,ISR,0.06499999761581421
CZE,ITA,0.25
CZE,JAM,0.25
CZE,JPN,0.0
CZE,KAZ,0.20499999821186066
CZE,KOR,0.0
CZE,LBN,0.0
CZE,LTU,0.25
CZE,MAR,0.0
CZE,MCO,0.25
CZE,MDA,0.25
CZE,MEX,0.25
CZE,NLD,0.25
CZE,NOR,0.25
CZE,NZL,0.25
CZE,PAK,0.25
CZE,PER,0.25
CZE,PHL,0.0
CZE,POL,0.5
CZE,PRT,0.25
CZE,ROU,0.25
CZE,RUS,0.5
CZE,SLV,0.25
CZE,SRB,0.5
CZE,SVK,0.75
CZE,SVN,0.75
CZE,SWE,0.25
CZE,THA,0.0
CZE,TUN,0.0
CZE,TWN,0.0
CZE,UKR,0.5
CZE,URY,0.25
CZE,USA,0.25
CZE,UZB,0.07999999821186066
CZE,VEN,0.25
CZE,ZAF,0.0
DEU,DEU,1.0
DEU,DNK,0.5
DEU,DOM,0.25
DEU,ECU,0.25
DEU,ESP,0.25
DEU,FIN,0.0
DEU,FRA,0.25
DEU,GBR,0.5
DEU,GEO,0.0
DEU,GRC,0.25
DEU,HRV,0.25
DEU,HUN,0.0
DEU,IDN,0.0
DEU,IND,0.0
DEU,ISR,0.032499998807907104
DEU,ITA,0.25
DEU,JAM,0.5
DEU,JPN,0.0
DEU,KAZ,0.10249999910593033
DEU,KOR,0.0
DEU,LBN,0.0
DEU,LTU,0.25
DEU,MAR,0.0
DEU,MCO,0.25
DEU,MDA,0.25
DEU,MEX,0.25
DEU,NLD,0.75
DEU,NOR,0.5
DEU,NZL,0.5
DEU,PAK,0.25
DEU,PER,0.25
DEU,PHL,0.0
DEU,POL,0.25
DEU,PRT,0.25
DEU,ROU,0.25
DEU,RUS,0.25
DEU,SLV,0.25
DEU,SRB,0.25
DEU,SVK,0.25
DEU,SVN,0.25
DEU,SWE,0.5
DEU,THA,0.0
DEU,TUN,0.0
DEU,TWN,0.0
DEU,UKR,0.25
DEU,URY,0.25
DEU,USA,0.4625000059604645
DEU,UZB,0.03999999910593033
DEU,VEN,0.25
DEU,ZAF,0.0
DNK,DNK,1.0
DNK,DOM,0.25
DNK,ECU,0.25
DNK,ESP,0.25
DNK,FIN,0.0
DNK,FRA,0.25
DNK,GBR,0.5
DNK,GEO,0.0
DNK,GRC,0.25
DNK,HRV,0.25
DNK,HUN,0.0
DNK,IDN,0.0
DNK,IND,0.0
DNK,ISR,0.032499998807907104
DNK,ITA,0.25
DNK,JAM,0.5
DNK,JPN,0.0
DNK,KAZ,0.10249999910593033
DNK,KOR,0.0
DNK,LBN,0.0
DNK,LTU,0.25
DNK,MAR,0.0
DNK,MCO,0.25
DNK,MDA,0.25
DNK,MEX,0.25
DNK,NLD,0.5
DNK,NOR,0.75
DNK,NZL,0.5
DNK,PAK,0.25
DNK,PER,0.25
DNK,PHL,0.0
DNK,POL,0.25
DNK,PRT,0.25
DNK,ROU,0.25
DNK,RUS,0.25
DNK,SLV,0.25
DNK,SRB,0.25
DNK,SVK,0.25
DNK,SVN,0.25
DNK,SWE,0.75
DNK,THA,0.0
DNK,TUN,0.0
DNK,TWN,0.0
DNK,UKR,0.25
DNK,URY,0.25
DNK,USA,0.4625000059604645
DNK,UZB,0.03999999910593033
DNK,VEN,0.25
DNK,ZAF,0.0
DOM,DOM,1.0
DOM,ECU,1.0
DOM,ESP,1.0
DOM,FIN,0.0
DOM,FRA,0.5
DOM,GBR,0.25
DOM,GEO,0.0
DOM,GRC,0.25
DOM,HRV,0.25
DOM,HUN,0.0
DOM,IDN,0.0
DOM,IND,0.0
DOM,ISR,0.032499998807907104
DOM,ITA,0.5
DOM,JAM,0.25
DOM,JPN,0.0
DOM,KAZ,0.10249999910593033
DOM,KOR,0.0
DOM,LBN,0.0
DOM,LTU,0.25
DOM,MAR,0.0
DOM,MCO,0.5
DOM,MDA,0.5
DOM,MEX,1.0
DOM,NLD,0.25
DOM,NOR,0.25
DOM,NZL,0.25
DOM,PAK,0.25
DOM,PER,1.0
DOM,PHL,0.0
DOM,POL,0.25
DOM,PRT,0.75
DOM,ROU,0.5
DOM,RUS,0.25
DOM,SLV,1.0
DOM,SRB,0.25
DOM,SVK,0.25
DOM,SVN,0.25
DOM,SWE,0.25
DOM,THA,0.0
DOM,TUN,0.0
DOM,TWN,0.0
DOM,UKR,0.25
DOM,URY,1.0
DOM,USA,0.36250001192092896
DOM,UZB,0.03999999910593033
DOM,VEN,1.0
DOM,ZAF,0.0
ECU,ECU,1.0
ECU,ESP,1.0
ECU,FIN,0.0
ECU,FRA,0.5
ECU,GBR,0.25
ECU,GEO,0.0
ECU,GRC,0.25
ECU,HRV,0.25
ECU,HUN,0.0
ECU,IDN,0.0
ECU,IND,0.0
ECU,ISR,0.032499998807907104
ECU,ITA,0.5
ECU,JAM,0.25
ECU,JPN,0.0
ECU,KAZ,0.10249999910593033
ECU,KOR,0.0
ECU,LBN,0.0
ECU,LTU,0.25
ECU,MAR,0.0
ECU,MCO,0.5
ECU,MDA,0.5
ECU,MEX,1.0
ECU,NLD,0.25
ECU,NOR,0.25
ECU,NZL,0.25
ECU,PAK,0.25
ECU,PER,1.0
ECU,PHL,0.0
ECU,POL,0.25
ECU,PRT,0.75
ECU,ROU,0.5
ECU,RUS,0.25
ECU,SLV,1.0
ECU,SRB,0.25
ECU,SVK,0.25
ECU,SVN,0.25
ECU,SWE,0.25
ECU,THA,0.0
ECU,TUN,0.0
ECU,TWN,0.0
ECU,UKR,0.25
ECU,URY,1.0
ECU,USA,0.36250001192092896
ECU,UZB,0.03999999910593033
ECU,VEN,1.0
ECU,ZAF,0.0
ESP,ESP,1.0
ESP,FIN,0.0
ESP,FRA,0.5
ESP,GBR,0.25
ESP,GEO,0.0
ESP,GRC,0.25
ESP,HRV,0.25
ESP,HUN,0.0
ESP,IDN,0.0
ESP,IND,0.0
ESP,ISR,0.032499998807907104
ESP,ITA,0.5
ESP,JAM,0.25
ESP,JPN,0.0
ESP,KAZ,0.10249999910593033
ESP,KOR,0.0
ESP,LBN,0.0
ESP,LTU,0.25
ESP,MAR,0.0
ESP,MCO,0.5
ESP,MDA,0.5
ESP,MEX,1.0
ESP,NLD,0.25
ESP,NOR,0.25
ESP,NZL,0.25
ESP,PAK,0.25
ESP,PER,1.0
ESP,PHL,0.0
ESP,POL,0.25
ESP,PRT,0.75
ESP,ROU,0.5
ESP,RUS,0.25
ESP,SLV,1.0
ESP,SRB,0.25
ESP,SVK,0.25
ESP,SVN,0.25
ESP,SWE,0.25
ESP,THA,0.0
ESP,TUN,0.0
ESP,TWN,0.0
ESP,UKR,0.25
ESP,URY,1.0
ESP,USA,0.36250001192092896
ESP,UZB,0.03999999910593033
ESP,VEN,1.0
ESP,ZAF,0.0
FIN,FIN,1.0
FIN,FRA,0.0
FIN,GBR,0.0
FIN,GEO,0.0
FIN,GRC,0.0
FIN,HRV,0.0
FIN,HUN,0.25
FIN,IDN,0.0
FIN,IND,0.0
FIN,ISR,0.0
FIN,ITA,0.0
FIN,JAM,0.0
FIN,JPN,0.0
FIN,KAZ,0.0
FIN,KOR,0.0
FIN,LBN,0.0
FIN,LTU,0.0
FIN,MAR,0.0
FIN,MCO,0.0
FIN,MDA,0.0
FIN,MEX,0.0
FIN,NLD,0.0
FIN,NOR,0.0
FIN,NZL,0.0
FIN,PAK,0.0
FIN,PER,0.0
FIN,PHL,0.0
FIN,POL,0.0
FIN,PRT,0.0
FIN,ROU,0.0
FIN,RUS,0.0
FIN,SLV,0.0
FIN,SRB,0.0
FIN,SVK,0.0
FIN,SVN,0.0
FIN,SWE,0.0
FIN,THA,0.0
FIN,TUN,0.0
FIN,TWN,0.0
FIN,UKR,0.0
FIN,URY,0.0
FIN,USA,0.0
FIN,UZB,0.0
FIN,VEN,0.0
FIN,ZAF,0.0
FRA,FRA,1.0
FRA,GBR,0.25
FRA,GEO,0.0
FRA,GRC,0.25
FRA,HRV,0.25
FRA,HUN,0.0
FRA,IDN,0.0
FRA,IND,0.0
FRA,ISR,0.032499998807907104
FRA,ITA,0.5
FRA,JAM,0.25
FRA,JPN,0.0
FRA,KAZ,0.10249999910593033
FRA,KOR,0.0
FRA,LBN,0.0
FRA,LTU,0.25
FRA,MAR,0.0
FRA,MCO,1.0
FRA,MDA,0.5
FRA,MEX,0.5
FRA,NLD,0.25
FRA,NOR,0.25
FRA,NZL,0.25
FRA,PAK,0.25
FRA,PER,0.5
FRA,PHL,0.0
FRA,POL,0.25
FRA,PRT,0.5
FRA,ROU,0.5
FRA,RUS,0.25
FRA,SLV,0.5
FRA,SRB,0.25
FRA,SVK,0.25
FRA,SVN,0.25
FRA,SWE,0.25
FRA,THA,0.0
FRA,TUN,0.0
FRA,TWN,0.0
FRA,UKR,0.25
FRA,URY,0.5
FRA,USA,0.2875000238418579
FRA,UZB,0.03999999910593033
FRA,VEN,0.5
FRA,ZAF,0.0
GBR,GBR,1.0
GBR,GEO,0.0
GBR,GRC,0.25
GBR,HRV,0.25
GBR,HUN,0.0
GBR,IDN,0.0
GBR,IND,0.0
GBR,ISR,0.032499998807907104
GBR,ITA,0.25
GBR,JAM,1.0
GBR,JPN,0.0
GBR,KAZ,0.10249999910593033
GBR,KOR,0.0
GBR,LBN,0.0
GBR,LTU,0.25
GBR,MAR,0.0
GBR,MCO,0.25
GBR,MDA,0.25
GBR,MEX,0.25
GBR,NLD,0.5
GBR,NOR,0.5
GBR,NZL,1.0
GBR,PAK,0.5
GBR,PER,0.25
GBR,PHL,0.0
GBR,POL,0.25
GBR,PRT,0.25
GBR,ROU,0.25
GBR,RUS,0.25
GBR,SLV,0.25
GBR,SRB,0.25
GBR,SVK,0.25
GBR,SVN,0.25
GBR,SWE,0.5
GBR,THA,0.0
GBR,TUN,0.0
GBR,TWN,0.0
GBR,UKR,0.25
GBR,URY,0.25
GBR,USA,0.8875000476837158
GBR,UZB,0.03999999910593033
GBR,VEN,0.25
GBR,ZAF,0.0
GEO,GEO,1.0
GEO,GRC,0.0
GEO,HRV,0.0
GEO,HUN,0.0
GEO,IDN,0.0
GEO,IND,0.0
GEO,ISR,0.0
GEO,ITA,0.0
GEO,JAM,0.0
GEO,JPN,0.0
GEO,KAZ,0.0
GEO,KOR,0.0
GEO,LBN,0.0
GEO,LTU,0.0
GEO,MAR,0.0
GEO,MCO,0.0
GEO,MDA,0.0
GEO,MEX,0.0
GEO,NLD,0.0
GEO,NOR,0.0
GEO,NZL,0.0
GEO,PAK,0.0
GEO,PER,0.0
GEO,PHL,0.0
GEO,POL,0.0
GEO,PRT,0.0
GEO,ROU,0.0
GEO,RUS,0.0
GEO,SLV,0.0
GEO,SRB,0.0
GEO,SVK,0.0
GEO,SVN,0.0
GEO,SWE,0.0
GEO,THA,0.0
GEO,TUN,0.0
GEO,TWN,0.0
GEO,UKR,0.0
GEO,URY,0.0
GEO,USA,0.0
GEO,UZB,0.0
GEO,VEN,0.0
GEO,ZAF,0.0
GRC,GRC,1.0
GRC,HRV,0.25
GRC,HUN,0.0
GRC,IDN,0.0
GRC,IND,0.0
GRC,ISR,0.032499998807907104
GRC,ITA,0.25
GRC,JAM,0.25
GRC,JPN,0.0
GRC,KAZ,0.10249999910593033
GRC,KOR,0.0
GRC,LBN,0.0
GRC,LTU,0.25
GRC,MAR,0.0
GRC,MCO,0.25
GRC,MDA,0.25
GRC,MEX,0.25
GRC,NLD,0.25
GRC,NOR,0.25
GRC,NZL,0.25
GRC,PAK,0.25
GRC,PER,0.25
GRC,PHL,0.0
GRC,POL,0.25
GRC,PRT,0.25
GRC,ROU,0.25
GRC,RUS,0.25
GRC,SLV,0.25
GRC,SRB,0.25
GRC,SVK,0.25
GRC,SVN,0.25
GRC,SWE,0.25
GRC,THA,0.0
GRC,TUN,0.0
GRC,TWN,0.0
GRC,UKR,0.25
GRC,URY,0.25
GRC,USA,0.25
GRC,UZB,0.03999999910593033
GRC,VEN,0.25
GRC,ZAF,0.0
HRV,HRV,1.0
HRV,HUN,0.0
HRV,IDN,0.0
HRV,IND,0.0
HRV,ISR,0.06499999761581421
HRV,ITA,0.25
HRV,JAM,0.25
HRV,JPN,0.0
HRV,KAZ,0.20499999821186066
HRV,KOR,0.0
HRV,LBN,0.0
HRV,LTU,0.25
HRV,MAR,0.0
HRV,MCO,0.25
HRV,MDA,0.25
HRV,MEX,0.25
HRV,NLD,0.25
HRV,NOR,0.25
HRV,NZL,0.25
HRV,PAK,0.25
HRV,PER,0.25
HRV,PHL,0.0
HRV,POL,0.5
HRV,PRT,0.25
HRV,ROU,0.25
HRV,RUS,0.5
HRV,SLV,0.25
HRV,SRB,0.75
HRV,SVK,0.5
HRV,SVN,0.5
HRV,SWE,0.25
HRV,THA,0.0
HRV,TUN,0.0
HRV,TWN,0.0
HRV,UKR,0.5
HRV,URY,0.25
HRV,USA,0.25
HRV,UZB,0.07999999821186066
HRV,VEN,0.25
HRV,ZAF,0.0
HUN,HUN,1.0
HUN,IDN,0.0
HUN,IND,0.0
HUN,ISR,0.0
HUN,ITA,0.0
HUN,JAM,0.0
HUN,JPN,0.0
HUN,KAZ,0.0
HUN,KOR,0.0
HUN,LBN,0.0
HUN,LTU,0.0
HUN,MAR,0.0
HUN,MCO,0.0
HUN,MDA,0.0
HUN,MEX,0.0
HUN,NLD,0.0
HUN,NOR,0.0
HUN,NZL,0.0
HUN,PAK,0.0
HUN,PER,0.0
HUN,PHL,0.0
HUN,POL,0.0
HUN,PRT,0.0
HUN,ROU,0.0
HUN,RUS,0.0
HUN,SLV,0.0
HUN,SRB,0.0
HUN,SVK,0.0
HUN,SVN,0.0
HUN,SWE,0.0
HUN,THA,0.0
HUN,TUN,0.0
HUN,TWN,0.0
HUN,UKR,0.0
HUN,URY,0.0
HUN,USA,0.0
HUN,UZB,0.0
HUN,VEN,0.0
HUN,ZAF,0.0
IDN,IDN,1.0
IDN,IND,0.0
IDN,ISR,0.0
IDN,ITA,0.0
IDN,JAM,0.0
IDN,JPN,0.0
IDN,KAZ,0.0
IDN,KOR,0.0
IDN,LBN,0.0
IDN,LTU,0.0
IDN,MAR,0.0
IDN,MCO,0.0
IDN,MDA,0.0
IDN,MEX,0.0
IDN,NLD,0.0
IDN,NOR,0.0
IDN,NZL,0.0
IDN,PAK,0.0
IDN,PER,0.0
IDN,PHL,0.25
IDN,POL,0.0
IDN,PRT,0.0
IDN,ROU,0.0
IDN,RUS,0.0
IDN,SLV,0.0
IDN,SRB,0.0
IDN,SVK,0.0
IDN,SVN,0.0
IDN,SWE,0.0
IDN,THA,0.0
IDN,TUN,0.0
IDN,TWN,0.0
IDN,UKR,0.0
IDN,URY,0.0
IDN,USA,0.0
IDN,UZB,0.0
IDN,VEN,0.0
IDN,ZAF,0.0
IND,IND,1.0
IND,ISR,0.0
IND,ITA,0.0
IND,JAM,0.0
IND,JPN,0.0
IND,KAZ,0.0
IND,KOR,0.0
IND,LBN,0.0
IND,LTU,0.0
IND,MAR,0.0
IND,MCO,0.0
IND,MDA,0.0
IND,MEX,0.0
IND,NLD,0.0
IND,NOR,0.0
IND,NZL,0.0
IND,PAK,0.0
IND,PER,0.0
IND,PHL,0.0
IND,POL,0.0
IND,PRT,0.0
IND,ROU,0.0
IND,RUS,0.0
IND,SLV,0.0
IND,SRB,0.0
IND,SVK,0.0
IND,SVN,0.0
IND,SWE,0.0
IND,THA,0.0
IND,TUN,0.0
IND,TWN,0.0
IND,UKR,0.0
IND,URY,0.0
IND,USA,0.0
IND,UZB,0.0
IND,VEN,0.0
IND,ZAF,0.0
ISR,ISR,1.0
ISR,ITA,0.032499998807907104
ISR,JAM,0.032499998807907104
ISR,JPN,0.0
ISR,KAZ,0.05329999700188637
ISR,KOR,0.0
ISR,LBN,0.0
ISR,LTU,0.032499998807907104
ISR,MAR,0.0
ISR,MCO,0.032499998807907104
ISR,MDA,0.032499998807907104
ISR,MEX,0.032499998807907104
ISR,NLD,0.032499998807907104
ISR,NOR,0.032499998807907104
ISR,NZL,0.032499998807907104
ISR,PAK,0.032499998807907104
ISR,PER,0.032499998807907104
ISR,PHL,0.0
ISR,POL,0.06499999761581421
ISR,PRT,0.032499998807907104
ISR,ROU,0.032499998807907104
ISR,RUS,0.12999999523162842
ISR,SLV,0.032499998807907104
ISR,SRB,0.06499999761581421
ISR,SVK,0.06499999761581421
ISR,SVN,0.06499999761581421
ISR,SWE,0.032499998807907104
ISR,THA,0.0
ISR,TUN,0.0
ISR,TWN,0.0
ISR,UKR,0.10724999010562897
ISR,URY,0.032499998807907104
ISR,USA,0.032499998807907104
ISR,UZB,0.020799998193979263
ISR,VEN,0.032499998807907104
ISR,ZAF,0.0
ITA,ITA,1.0
ITA,JAM,0.25
ITA,JPN,0.0
ITA,KAZ,0.10249999910593033
ITA,KOR,0.0
ITA,LBN,0.0
ITA,LTU,0.25
ITA,MAR,0.0
ITA,MCO,0.5
ITA,MDA,0.5
ITA,MEX,0.5
ITA,NLD,0.25
ITA,NOR,0.25
ITA,NZL,0.25
ITA,PAK,0.25
ITA,PER,0.5
ITA,PHL,0.0
ITA,POL,0.25
ITA,PRT,0.5
ITA,ROU,0.5
ITA,RUS,0.25
ITA,SLV,0.5
ITA,SRB,0.25
ITA,SVK,0.25
ITA,SVN,0.25
ITA,SWE,0.25
ITA,THA,0.0
ITA,TUN,0.0
ITA,TWN,0.0
ITA,UKR,0.25
ITA,URY,0.5
ITA,USA,0.2875000238418579
ITA,UZB,0.03999999910593033
ITA,VEN,0.5
ITA,ZAF,0.0
JAM,JAM,1.0
JAM,JPN,0.0
JAM,KAZ,0.10249999910593033
JAM,KOR,0.0
JAM,LBN,0.0
JAM,LTU,0.25
JAM,MAR,0.0
JAM,MCO,0.25
JAM,MDA,0.25
JAM,MEX,0.25
JAM,NLD,0.5
JAM,NOR,0.5
JAM,NZL,1.0
JAM,PAK,0.5
JAM,PER,0.25
JAM,PHL,0.0
JAM,POL,0.25
JAM,PRT,0.25
JAM,ROU,0.25
JAM,RUS,0.25
JAM,SLV,0.25
JAM,SRB,0.25
JAM,SVK,0.25
JAM,SVN,0.25
JAM,SWE,0.5
JAM,THA,0.0
JAM,TUN,0.0
JAM,TWN,0.0
JAM,UKR,0.25
JAM,URY,0.25
JAM,USA,0.8875000476837158
JAM,UZB,0.03999999910593033
JAM,VEN,0.25
JAM,ZAF,0.0
JPN,JPN,1.0
JPN,KAZ,0.0
JPN,KOR,0.0
JPN,LBN,0.0
JPN,LTU,0.0
JPN,MAR,0.0
JPN,MCO,0.0
JPN,MDA,0.0
JPN,MEX,0.0
JPN,NLD,0.0
JPN,NOR,0.0
JPN,NZL,0.0
JPN,PAK,0.0
JPN,PER,0.0
JPN,PHL,0.0
JPN,POL,0.0
JPN,PRT,0.0
JPN,ROU,0.0
JPN,RUS,0.0
JPN,SLV,0.0
JPN,SRB,0.0
JPN,SVK,0.0
JPN,SVN,0.0
JPN,SWE,0.0
JPN,THA,0.0
JPN,TUN,0.0
JPN,TWN,0.0
JPN,UKR,0.0
JPN,URY,0.0
JPN,USA,0.0
JPN,UZB,0.0
JPN,VEN,0.0
JPN,ZAF,0.0
KAZ,KAZ,1.0
KAZ,KOR,0.0
KAZ,LBN,0.0
KAZ,LTU,0.10249999910593033
KAZ,MAR,0.0
KAZ,MCO,0.10249999910593033
KAZ,MDA,0.10249999910593033
KAZ,MEX,0.10249999910593033
KAZ,NLD,0.10249999910593033
KAZ,NOR,0.10249999910593033
KAZ,NZL,0.10249999910593033
KAZ,PAK,0.10249999910593033
KAZ,PER,0.10249999910593033
KAZ,PHL,0.0
KAZ,POL,0.20499999821186066
KAZ,PRT,0.10249999910593033
KAZ,ROU,0.10249999910593033
KAZ,RUS,0.4099999964237213
KAZ,SLV,0.10249999910593033
KAZ,SRB,0.20499999821186066
KAZ,SVK,0.20499999821186066
KAZ,SVN,0.20499999821186066
KAZ,SWE,0.10249999910593033
KAZ,THA,0.0
KAZ,TUN,0.0
KAZ,TWN,0.0
KAZ,UKR,0.3382500112056732
KAZ,URY,0.10249999910593033
KAZ,USA,0.10250000655651093
KAZ,UZB,0.3133999705314636
KAZ,VEN,0.10249999910593033
KAZ,ZAF,0.0
KOR,KOR,1.0
KOR,LBN,0.0
KOR,LTU,0.0
KOR,MAR,0.0
KOR,MCO,0.0
KOR,MDA,0.0
KOR,MEX,0.0
KOR,NLD,0.0
KOR,NOR,0.0
KOR,NZL,0.0
KOR,PAK,0.0
KOR,PER,0.0
KOR,PHL,0.0
KOR,POL,0.0
KOR,PRT,0.0
KOR,ROU,0.0
KOR,RUS,0.0
KOR,SLV,0.0
KOR,SRB,0.0
KOR,SVK,0.0
KOR,SVN,0.0
KOR,SWE,0.0
KOR,THA,0.0
KOR,TUN,0.0
KOR,TWN,0.0
KOR,UKR,0.0
KOR,URY,0.0
KOR,USA,0.0
KOR,UZB,0.0
KOR,VEN,0.0
KOR,ZAF,0.0
LBN,LBN,1.0
LBN,LTU,0.0
LBN,MAR,1.0
LBN,MCO,0.0
LBN,MDA,0.0
LBN,MEX,0.0
LBN,NLD,0.0
LBN,NOR,0.0
LBN,NZL,0.0
LBN,PAK,0.0
LBN,PER,0.0
LBN,PHL,0.0
LBN,POL,0.0
LBN,PRT,0.0
LBN,ROU,0.0
LBN,RUS,0.0
LBN,SLV,0.0
LBN,SRB,0.0
LBN,SVK,0.0
LBN,SVN,0.0
LBN,SWE,0.0
LBN,THA,0.0
LBN,TUN,1.0
LBN,TWN,0.0
LBN,UKR,0.0
LBN,URY,0.0
LBN,USA,0.0
LBN,UZB,0.0
LBN,VEN,0.0
LBN,ZAF,0.0
LTU,LTU,1.0
LTU,MAR,0.0
LTU,MCO,0.25
LTU,MDA,0.25
LTU,MEX,0.25
LTU,NLD,0.25
LTU,NOR,0.25
LTU,NZL,0.25
LTU,PAK,0.25
LTU,PER,0.25
LTU,PHL,0.0
LTU,POL,0.25
LTU,PRT,0.25
LTU,ROU,0.25
LTU,RUS,0.25
LTU,SLV,0.25
LTU,SRB,0.25
LTU,SVK,0.25
LTU,SVN,0.25
LTU,SWE,0.25
LTU,THA,0.0
LTU,TUN,0.0
LTU,TWN,0.0
LTU,UKR,0.25
LTU,URY,0.25
LTU,USA,0.25
LTU,UZB,0.03999999910593033
LTU,VEN,0.25
LTU,ZAF,0.0
MAR,MAR,1.0
MAR,MCO,0.0
MAR,MDA,0.0
MAR,MEX,0.0
MAR,NLD,0.0
MAR,NOR,0.0
MAR,NZL,0.0
MAR,PAK,0.0
MAR,PER,0.0
MAR,PHL,0.0
MAR,POL,0.0
MAR,PRT,0.0
MAR,ROU,0.0
MAR,RUS,0.0
MAR,SLV,0.0
MAR,SRB,0.0
MAR,SVK,0.0
MAR,SVN,0.0
MAR,SWE,0.0
MAR,THA,0.0
MAR,TUN,1.0
MAR,TWN,0.0
MAR,UKR,0.0
MAR,URY,0.0
MAR,USA,0.0
MAR,UZB,0.0
MAR,VEN,0.0
MAR,ZAF,0.0
MCO,MCO,1.0
MCO,MDA,0.5
MCO,MEX,0.5
MCO,NLD,0.25
MCO,NOR,0.25
MCO,NZL,0.25
MCO,PAK,0.25
MCO,PER,0.5
MCO,PHL,0.0
MCO,POL,0.25
MCO,PRT,0.5
MCO,ROU,0.5
MCO,RUS,0.25
MCO,SLV,0.5
MCO,SRB,0.25
MCO,SVK,0.25
MCO,SVN,0.25
MCO,SWE,0.25
MCO,THA,0.0
MCO,TUN,0.0
MCO,TWN,0.0
MCO,UKR,0.25
MCO,URY,0.5
MCO,USA,0.2875000238418579
MCO,UZB,0.03999999910593033
MCO,VEN,0.5
MCO,ZAF,0.0
MDA,MDA,1.0
MDA,MEX,0.5
MDA,NLD,0.25
MDA,NOR,0.25
MDA,NZL,0.25
MDA,PAK,0.25
MDA,PER,0.5
MDA,PHL,0.0
MDA,POL,0.25
MDA,PRT,0.5
MDA,ROU,1.0
MDA,RUS,0.25
MDA,SLV,0.5
MDA,SRB,0.25
MDA,SVK,0.25
MDA,SVN,0.25
MDA,SWE,0.25
MDA,THA,0.0
MDA,TUN,0.0
MDA,TWN,0.0
MDA,UKR,0.25
MDA,URY,0.5
MDA,USA,0.2875000238418579
MDA,UZB,0.03999999910593033
MDA,VEN,0.5
MDA,ZAF,0.0
MEX,MEX,1.0
MEX,NLD,0.25
MEX,NOR,0.25
MEX,NZL,0.25
MEX,PAK,0.25
MEX,PER,1.0
MEX,PHL,0.0
MEX,POL,0.25
MEX,PRT,0.75
MEX,ROU,0.5
MEX,RUS,0.25
MEX,SLV,1.0
MEX,SRB,0.25
MEX,SVK,0.25
MEX,SVN,0.25
MEX,SWE,0.25
MEX,THA,0.0
MEX,TUN,0.0
MEX,TWN,0.0
MEX,UKR,0.25
MEX,URY,1.0
MEX,USA,0.36250001192092896
MEX,UZB,0.03999999910593033
MEX,VEN,1.0
MEX,ZAF,0.0
NLD,NLD,1.0
NLD,NOR,0.5
NLD,NZL,0.5
NLD,PAK,0.25
NLD,PER,0.25
NLD,PHL,0.0
NLD,POL,0.25
NLD,PRT,0.25
NLD,ROU,0.25
NLD,RUS,0.25
NLD,SLV,0.25
NLD,SRB,0.25
NLD,SVK,0.25
NLD,SVN,0.25
NLD,SWE,0.5
NLD,THA,0.0
NLD,TUN,0.0
NLD,TWN,0.0
NLD,UKR,0.25
NLD,URY,0.25
NLD,USA,0.4625000059604645
NLD,UZB,0.03999999910593033
NLD,VEN,0.25
NLD,ZAF,0.0
NOR,NOR,1.0
NOR,NZL,0.5
NOR,PAK,0.25
NOR,PER,0.25
NOR,PHL,0.0
NOR,POL,0.25
NOR,PRT,0.25
NOR,ROU,0.25
NOR,RUS,0.25
NOR,SLV,0.25
NOR,SRB,0.25
NOR,SVK,0.25
NOR,SVN,0.25
NOR,SWE,0.75
NOR,THA,0.0
NOR,TUN,0.0
NOR,TWN,0.0
NOR,UKR,0.25
NOR,URY,0.25
NOR,USA,0.4625000059604645
NOR,UZB,0.03999999910593033
NOR,VEN,0.25
NOR,ZAF,0.0
NZL,NZL,1.0
NZL,PAK,0.5
NZL,PER,0.25
NZL,PHL,0.0
NZL,POL,0.25
NZL,PRT,0.25
NZL,ROU,0.25
NZL,RUS,0.25
NZL,SLV,0.25
NZL,SRB,0.25
NZL,SVK,0.25
NZL,SVN,0.25
NZL,SWE,0.5
NZL,THA,0.0
NZL,TUN,0.0
NZL,TWN,0.0
NZL,UKR,0.25
NZL,URY,0.25
NZL,USA,0.8875000476837158
NZL,UZB,0.03999999910593033
NZL,VEN,0.25
NZL,ZAF,0.0
PAK,PAK,1.0
PAK,PER,0.25
PAK,PHL,0.0
PAK,POL,0.25
PAK,PRT,0.25
PAK,ROU,0.25
PAK,RUS,0.25
PAK,SLV,0.25
PAK,SRB,0.25
PAK,SVK,0.25
PAK,SVN,0.25
PAK,SWE,0.25
PAK,THA,0.0
PAK,TUN,0.0
PAK,TWN,0.0
PAK,UKR,0.25
PAK,URY,0.25
PAK,USA,0.25
PAK,UZB,0.03999999910593033
PAK,VEN,0.25
PAK,ZAF,0.0
PER,PER,1.0
PER,PHL,0.0
PER,POL,0.25
PER,PRT,0.75
PER,ROU,0.5
PER,RUS,0.25
PER,SLV,1.0
PER,SRB,0.25
PER,SVK,0.25
PER,SVN,0.25
PER,SWE,0.25
PER,THA,0.0
PER,TUN,0.0
PER,TWN,0.0
PER,UKR,0.25
PER,URY,1.0
PER,USA,0.36250001192092896
PER,UZB,0.03999999910593033
PER,VEN,1.0
PER,ZAF,0.0
PHL,PHL,1.0
PHL,POL,0.0
PHL,PRT,0.0
PHL,ROU,0.0
PHL,RUS,0.0
PHL,SLV,0.0
PHL,SRB,0.0
PHL,SVK,0.0
PHL,SVN,0.0
PHL,SWE,0.0
PHL,THA,0.0
PHL,TUN,0.0
PHL,TWN,0.0
PHL,UKR,0.0
PHL,URY,0.0
PHL,USA,0.0
PHL,UZB,0.0
PHL,VEN,0.0
PHL,ZAF,0.0
POL,POL,1.0
POL,PRT,0.25
POL,ROU,0.25
POL,RUS,0.5
POL,SLV,0.25
POL,SRB,0.5
POL,SVK,0.5
POL,SVN,0.5
POL,SWE,0.25
POL,THA,0.0
POL,TUN,0.0
POL,TWN,0.0
POL,UKR,0.5
POL,URY,0.25
POL,USA,0.25
POL,UZB,0.07999999821186066
POL,VEN,0.25
POL,ZAF,0.0
PRT,PRT,1.0
PRT,ROU,0.5
PRT,RUS,0.25
PRT,SLV,0.75
PRT,SRB,0.25
PRT,SVK,0.25
PRT,SVN,0.25
PRT,SWE,0.25
PRT,THA,0.0
PRT,TUN,0.0
PRT,TWN,0.0
PRT,UKR,0.25
PRT,URY,0.75
PRT,USA,0.32500001788139343
PRT,UZB,0.03999999910593033
PRT,VEN,0.75
PRT,ZAF,0.0
ROU,ROU,1.0
ROU,RUS,0.25
ROU,SLV,0.5
ROU,SRB,0.25
ROU,SVK,0.25
ROU,SVN,0.25
ROU,SWE,0.25
ROU,THA,0.0
ROU,TUN,0.0
ROU,TWN,0.0
ROU,UKR,0.25
ROU,URY,0.5
ROU,USA,0.2875000238418579
ROU,UZB,0.03999999910593033
ROU,VEN,0.5
ROU,ZAF,0.0
RUS,RUS,1.0
RUS,SLV,0.25
RUS,SRB,0.5
RUS,SVK,0.5
RUS,SVN,0.5
RUS,SWE,0.25
RUS,THA,0.0
RUS,TUN,0.0
RUS,TWN,0.0
RUS,UKR,0.824999988079071
RUS,URY,0.25
RUS,USA,0.25
RUS,UZB,0.1599999964237213
RUS,VEN,0.25
RUS,ZAF,0.0
SLV,SLV,1.0
SLV,SRB,0.25
SLV,SVK,0.25
SLV,SVN,0.25
SLV,SWE,0.25
SLV,THA,0.0
SLV,TUN,0.0
SLV,TWN,0.0
SLV,UKR,0.25
SLV,URY,1.0
SLV,USA,0.36250001192092896
SLV,UZB,0.03999999910593033
SLV,VEN,1.0
SLV,ZAF,0.0
SRB,SRB,1.0
SRB,SVK,0.5
SRB,SVN,0.5
SRB,SWE,0.25
SRB,THA,0.0
SRB,TUN,0.0
SRB,TWN,0.0
SRB,UKR,0.5
SRB,URY,0.25
SRB,USA,0.25
SRB,UZB,0.07999999821186066
SRB,VEN,0.25
SRB,ZAF,0.0
SVK,SVK,1.0
SVK,SVN,0.75
SVK,SWE,0.25
SVK,THA,0.0
SVK,TUN,0.0
SVK,TWN,0.0
SVK,UKR,0.5
SVK,URY,0.25
SVK,USA,0.25
SVK,UZB,0.07999999821186066
SVK,VEN,0.25
SVK,ZAF,0.0
SVN,SVN,1.0
SVN,SWE,0.25
SVN,THA,0.0
SVN,TUN,0.0
SVN,TWN,0.0
SVN,UKR,0.5
SVN,URY,0.25
SVN,USA,0.25
SVN,UZB,0.07999999821186066
SVN,VEN,0.25
SVN,ZAF,0.0
SWE,SWE,1.0
SWE,THA,0.0
SWE,TUN,0.0
SWE,TWN,0.0
SWE,UKR,0.25
SWE,URY,0.25
SWE,USA,0.4625000059604645
SWE,UZB,0.03999999910593033
SWE,VEN,0.25
SWE,ZAF,0.0
THA,THA,1.0
THA,TUN,0.0
THA,TWN,0.0
THA,UKR,0.0
THA,URY,0.0
THA,USA,0.0
THA,UZB,0.0
THA,VEN,0.0
THA,ZAF,0.0
TUN,TUN,1.0
TUN,TWN,0.0
TUN,UKR,0.0
TUN,URY,0.0
TUN,USA,0.0
TUN,UZB,0.0
TUN,VEN,0.0
TUN,ZAF,0.0
TWN,TWN,1.0
TWN,UKR,0.0
TWN,URY,0.0
TWN,USA,0.0
TWN,UZB,0.0
TWN,VEN,0.0
TWN,ZAF,0.0
UKR,UKR,1.0
UKR,URY,0.25
UKR,USA,0.25
UKR,UZB,0.13199999928474426
UKR,VEN,0.25
UKR,ZAF,0.0
URY,URY,1.0
URY,USA,0.36250001192092896
URY,UZB,0.03999999910593033
URY,VEN,1.0
URY,ZAF,0.0
USA,USA,1.0
USA,UZB,0.04000000283122063
USA,VEN,0.36250001192092896
USA,ZAF,0.0
UZB,UZB,1.0
UZB,VEN,0.03999999910593033
UZB,ZAF,0.0
VEN,VEN,1.0
VEN,ZAF,0.0
ZAF,ZAF,1.0
