iso3_a,iso3_b,psw_tree,psw_cognet
ARG,ARG,1.0,1.0
ARG,AUS,0.23379433000000005,0.38462105
ARG,AUT,0.23874306999999995,0.23524031
ARG,BEL,0.31638241,0.37722009
ARG,BIH,0.54640347,0.029634008
ARG,BLR,0.15361391999999996,0.17365617
ARG,BOL,0.68732724,0.70569986
ARG,BRA,0.66296932,0.68623358
ARG,CAN,0.29133772999999996,0.408512
ARG,CHE,0.32264649999999995,0.34268156
ARG,CHL,0.78069082,0.81991625
ARG,CHN,0.003707589999999983,0.012933656
ARG,COL,0.82229127,0.85233134
ARG,CYP,0.18194812999999999,0.23631115
ARG,CZE,0.15936165999999996,0.19101538
ARG,DEU,0.21871870999999998,0.3079356
ARG,DNK,0.19755632,0.30709198
ARG,DOM,0.79744627,0.82577777
ARG,ECU,0.78029731,0.80296499
ARG,ESP,0.68292937,0.71418059
ARG,FIN,0.13293171000000004,0.245046
ARG,FRA,0.41720712000000004,0.50120014
ARG,GBR,0.30093843,0.44395214
ARG,GEO,0.057968200000000025,0.084235251
ARG,GRC,0.19517326000000002,0.22687271
ARG,HRV,0.39544760999999995,0.27399057
ARG,HUN,0.08057128999999996,0.15942727
ARG,IDN,9.453000000003708e-05,0.045903042
ARG,IND,0.15787309000000005,0.11175504
ARG,ISR,0.10507858000000003,0.17194238
ARG,ITA,0.42751545,0.38409811
ARG,JAM,0.014874759999999987,0.026608467
ARG,JPN,0.022955949999999947,0.1516853
ARG,KAZ,0.08751476000000002,0.12031896
ARG,KOR,0.04574906999999995,0.10387824
ARG,LBN,0.12138230000000005,0.16686158
ARG,LTU,0.15996765999999996,0.162444
ARG,MAR,0.10246825000000004,0.13291845
ARG,MCO,0.49482172999999996,0.45697123
ARG,MDA,0.27341908000000004,0.30367643
ARG,MEX,0.7828256,0.81417686
ARG,NLD,0.21527386000000004,0.31008247
ARG,NOR,0.19272721000000004,0.20607014
ARG,NZL,0.22096264,0.37660351
ARG,PAK,0.24385440000000003,0.130528
ARG,PER,0.7410985800000001,0.76166373
ARG,PHL,0.07387173000000002,0.17525032
ARG,POL,0.16853648,0.22753999
ARG,PRT,0.57849321,0.63389355
ARG,ROU,0.34577625999999995,0.41443047
ARG,RUS,0.13611192000000005,0.15892108
ARG,SLV,0.85104313,0.87508273
ARG,SRB,0.41660792,0.037040871
ARG,SVK,0.15173322,0.16832283
ARG,SVN,0.41763973,0.2304011
ARG,SWE,0.21063279999999995,0.31525436
ARG,THA,0.04370200999999996,0.099470258
ARG,TUN,0.11904961000000003,0.15239923
ARG,TWN,0.001212300000000055,0.0090105878
ARG,UKR,0.14881063000000005,0.15588748
ARG,URY,0.7180881800000001,0.76837629
ARG,USA,0.32356726999999996,0.47930565
ARG,UZB,0.04559928000000002,0.04914099
ARG,VEN,0.83593625,0.85935241
ARG,ZAF,0.06054682,0.10524605
AUS,AUS,1.0,1.0
AUS,AUT,0.49140024000000004,0.34431696
AUS,BEL,0.36270844999999996,0.4222593
AUS,BIH,0.19329023,0.031754874
AUS,BLR,0.24598145000000005,0.21747799
AUS,BOL,0.12167119999999998,0.26485229
AUS,BRA,0.17970717000000003,0.37751663
AUS,CAN,0.51834604,0.57831305
AUS,CHE,0.39337194,0.37727246
AUS,CHL,0.20610887,0.36704877
AUS,CHN,0.035205249999999966,0.032839384
AUS,COL,0.17305619000000005,0.34466195
AUS,CYP,0.38227749,0.35546505
AUS,CZE,0.28687668,0.26528373
AUS,DEU,0.46082597999999997,0.47357476
AUS,DNK,0.45763606,0.51900548
AUS,DOM,0.14316821000000002,0.31685343
AUS,ECU,0.14084750000000001,0.30496073
AUS,ESP,0.24160528000000003,0.38457265
AUS,FIN,0.32045548999999995,0.40157098
AUS,FRA,0.29715174,0.45988548
AUS,GBR,0.62578252,0.66404462
AUS,GEO,0.07233524000000002,0.082692459
AUS,GRC,0.38495760999999995,0.33633116
AUS,HRV,0.37693453,0.38756266
AUS,HUN,0.18601917999999995,0.23303416
AUS,IDN,0.005793750000000042,0.053673994
AUS,IND,0.23631208999999997,0.18120201
AUS,ISR,0.27345812,0.27810222
AUS,ITA,0.28342152,0.3392812
AUS,JAM,0.03360956999999998,0.050363146
AUS,JPN,0.06831675999999998,0.29001647
AUS,KAZ,0.13827162999999998,0.14316258
AUS,KOR,0.15577072000000003,0.19102988
AUS,LBN,0.15119671999999995,0.1908828
AUS,LTU,0.27416456,0.21990898
AUS,MAR,0.07879334999999998,0.11696205
AUS,MCO,0.18501055,0.34642658
AUS,MDA,0.17890859000000003,0.22848386
AUS,MEX,0.17599761000000003,0.33871436
AUS,NLD,0.49979233999999995,0.49158752
AUS,NOR,0.49310898999999997,0.36446434
AUS,NZL,0.6778180300000001,0.68427199
AUS,PAK,0.31594342,0.22922964
AUS,PER,0.12972105,0.28587988
AUS,PHL,0.24712217000000003,0.27146527
AUS,POL,0.31576817999999995,0.31574935
AUS,PRT,0.26033449,0.44240552
AUS,ROU,0.30029797999999996,0.38704723
AUS,RUS,0.18715464999999998,0.17460041
AUS,SLV,0.14993208999999996,0.32934284
AUS,SRB,0.18534028999999996,0.034373086
AUS,SVK,0.25488323,0.23032315
AUS,SVN,0.35882026,0.3493273
AUS,SWE,0.48051214,0.52888298
AUS,THA,0.14016032,0.17058061
AUS,TUN,0.07464837999999996,0.12835985
AUS,TWN,0.02640748000000004,0.021455854
AUS,UKR,0.20703632000000005,0.17417969
AUS,URY,0.27270883,0.41422656
AUS,USA,0.6669113,0.6979596
AUS,UZB,0.05823999999999996,0.050584845
AUS,VEN,0.14697492,0.32354712
AUS,ZAF,0.17875867999999995,0.17926528
AUT,AUT,1.0,1.0
AUT,BEL,0.34855837,0.24379261
AUT,BIH,0.21351801999999998,0.024175236
AUT,BLR,0.22969455000000005,0.13042375
AUT,BOL,0.15354210000000001,0.17241625
AUT,BRA,0.20776057000000003,0.23798355
AUT,CAN,0.40273756000000005,0.3070395
AUT,CHE,0.40015543,0.22003239
AUT,CHL,0.22128725000000005,0.22807378
AUT,CHN,0.0065698600000000384,0.0088986875
AUT,COL,0.20223957000000004,0.2197509
AUT,CYP,0.29981022999999996,0.18733306
AUT,CZE,0.26272600999999995,0.15196094
AUT,DEU,0.45713055,0.27157173
AUT,DNK,0.3951956,0.27193075
AUT,DOM,0.17982149000000003,0.20586999
AUT,ECU,0.17624134000000002,0.19787793
AUT,ESP,0.24335808000000003,0.23301172
AUT,FIN,0.26180607,0.21101874
AUT,FRA,0.29203862,0.27428475
AUT,GBR,0.48071557,0.34711772
AUT,GEO,0.07329881000000005,0.052734666
AUT,GRC,0.31163627000000005,0.17733285
AUT,HRV,0.35156208,0.21645801
AUT,HUN,0.15721463999999996,0.12734072
AUT,IDN,0.00026767999999999237,0.030380214
AUT,IND,0.19251490000000004,0.092195757
AUT,ISR,0.20748763999999997,0.14455771
AUT,ITA,0.28020674,0.2127661
AUT,JAM,0.022969600000000034,0.027131727
AUT,JPN,0.04816520000000002,0.14512627
AUT,KAZ,0.12891792999999996,0.087391399
AUT,KOR,0.10980487000000005,0.09595456
AUT,LBN,0.12946904000000004,0.10759243
AUT,LTU,0.24868727000000002,0.12550992
AUT,MAR,0.07586241000000005,0.07045652
AUT,MCO,0.22936952,0.22552666
AUT,MDA,0.19111222000000005,0.14789447
AUT,MEX,0.20034415000000005,0.2143444
AUT,NLD,0.44548327,0.26302764
AUT,NOR,0.38821012,0.1851023
AUT,NZL,0.49239814000000004,0.34522831
AUT,PAK,0.25761979999999995,0.11580224
AUT,PER,0.16411125999999998,0.1860684
AUT,PHL,0.17401235999999998,0.13835423
AUT,POL,0.28478897000000003,0.17758758
AUT,PRT,0.25826298999999997,0.26646632
AUT,ROU,0.27568901,0.22736183
AUT,RUS,0.1835314,0.1106684
AUT,SLV,0.18938266999999998,0.21423183
AUT,SRB,0.19924724000000005,0.028744875
AUT,SVK,0.24091321,0.13283549
AUT,SVN,0.33598775000000003,0.19395144
AUT,SWE,0.40009838,0.27615115
AUT,THA,0.09975469000000003,0.087082133
AUT,TUN,0.07934207000000004,0.080140956
AUT,TWN,0.0007504799999999978,0.005015512
AUT,UKR,0.20102679999999995,0.11070236
AUT,URY,0.26362604,0.2477521
AUT,USA,0.49360377,0.35846734
AUT,UZB,0.060345349999999964,0.033262782
AUT,VEN,0.18579352000000005,0.21052922
AUT,ZAF,0.13951612000000002,0.093269654
BEL,BEL,1.0,1.0
BEL,BIH,0.33652431000000005,0.029223733
BEL,BLR,0.18959813999999997,0.1846125
BEL,BOL,0.24732798,0.29652768
BEL,BRA,0.30535464999999995,0.40564799
BEL,CAN,0.36279655,0.42048559
BEL,CHE,0.37489498,0.33296236
BEL,CHL,0.31003707999999996,0.37364385
BEL,CHN,0.004998210000000003,0.012382549
BEL,COL,0.30709814999999996,0.36997303
BEL,CYP,0.24488902,0.24776746
BEL,CZE,0.21279806,0.21686015
BEL,DEU,0.35209327999999995,0.40259627
BEL,DNK,0.30847651,0.39922196
BEL,DOM,0.29037504999999997,0.3541756
BEL,ECU,0.28160512000000004,0.33943892
BEL,ESP,0.31685090000000005,0.37361482
BEL,FIN,0.20537209999999995,0.29696974
BEL,FRA,0.39218503000000005,0.46041548
BEL,GBR,0.39804178,0.46186522
BEL,GEO,0.06458074000000003,0.079661168
BEL,GRC,0.26070243000000004,0.24245572
BEL,HRV,0.35380661,0.30914149
BEL,HUN,0.12027836000000003,0.1792665
BEL,IDN,0.00018488999999999312,0.046324473
BEL,IND,0.17281097,0.11939379
BEL,ISR,0.16096115,0.18486412
BEL,ITA,0.32506794000000006,0.31933656
BEL,JAM,0.01894121999999998,0.034044139
BEL,JPN,0.03531258999999998,0.18406408
BEL,KAZ,0.10672020999999998,0.12312818
BEL,KOR,0.07878196000000004,0.11707886
BEL,LBN,0.14496034000000002,0.16489702
BEL,LTU,0.20620632000000005,0.17792125
BEL,MAR,0.10386669999999998,0.12220795
BEL,MCO,0.39974153,0.41223088
BEL,MDA,0.21491581000000004,0.24871626
BEL,MEX,0.29736847,0.35805923
BEL,NLD,0.40254998,0.43850425
BEL,NOR,0.30170571999999996,0.229757
BEL,NZL,0.36230474999999995,0.4243471
BEL,PAK,0.24144924,0.14543658
BEL,PER,0.26536864000000004,0.31997374
BEL,PHL,0.1252628,0.17505528
BEL,POL,0.22880137,0.25606239
BEL,PRT,0.34079908999999997,0.43619683
BEL,ROU,0.29601312,0.35708579
BEL,RUS,0.15713549000000004,0.16167109
BEL,SLV,0.30534136,0.3682403
BEL,SRB,0.27976208999999996,0.03552407
BEL,SVK,0.19737053000000004,0.19357224
BEL,SVN,0.35571069,0.27369943
BEL,SWE,0.31599212,0.39146847
BEL,THA,0.07326955000000002,0.11007728
BEL,TUN,0.12348592000000003,0.14220844
BEL,TWN,0.0008180100000000357,0.0077601392
BEL,UKR,0.17163527,0.15990005
BEL,URY,0.32562846,0.38785428
BEL,USA,0.38233441,0.45229727
BEL,UZB,0.05190545000000002,0.049271986
BEL,VEN,0.30001205,0.36195251
BEL,ZAF,0.11967075000000005,0.12814191
BIH,BIH,1.0,1.0
BIH,BLR,0.49162470999999996,0.070071898
BIH,BOL,0.4977482,0.023357423
BIH,BRA,0.5879616999999999,0.032681022
BIH,CAN,0.28528893,0.031669024
BIH,CHE,0.32452577000000005,0.026350126
BIH,CHL,0.5655801899999999,0.029103292
BIH,CHN,0.002073820000000004,0.0016152092
BIH,COL,0.59564108,0.028971542
BIH,CYP,0.19868726000000003,0.024372142
BIH,CZE,0.41935414000000004,0.065395683
BIH,DEU,0.22015523999999997,0.032511409
BIH,DNK,0.18109297999999996,0.029730255
BIH,DOM,0.5805621400000001,0.027820477
BIH,ECU,0.56506574,0.026699821
BIH,ESP,0.5401581799999999,0.029441962
BIH,FIN,0.12341732000000005,0.025234789
BIH,FRA,0.44864755999999995,0.032547608
BIH,GBR,0.26374924,0.0334091
BIH,GEO,0.20025647000000002,0.034192916
BIH,GRC,0.21389228000000005,0.022456994
BIH,HRV,0.49881339,0.087045416
BIH,HUN,0.07904076999999998,0.024245476
BIH,IDN,0.0005679699999999732,0.0054501565
BIH,IND,0.18957716000000002,0.011449533
BIH,ISR,0.48671942999999995,0.017644379
BIH,ITA,0.25975072,0.027383085
BIH,JAM,0.018141509999999972,0.0025491531
BIH,JPN,0.01701282999999998,0.016444026
BIH,KAZ,0.28420508,0.047964178
BIH,KOR,0.033800720000000006,0.009447637
BIH,LBN,0.55833197,0.012344015
BIH,LTU,0.39820694999999995,0.044111244
BIH,MAR,0.54737362,0.0090345787
BIH,MCO,0.524176,0.029716918
BIH,MDA,0.31923831,0.052550659
BIH,MEX,0.5671022800000001,0.027982365
BIH,NLD,0.20093799,0.027904123
BIH,NOR,0.18434161000000004,0.018544219
BIH,NZL,0.17475556999999997,0.030456595
BIH,PAK,0.30102944,0.012433414
BIH,PER,0.53649461,0.0252022
BIH,PHL,0.05470591999999996,0.013509637
BIH,POL,0.40180099,0.053849425
BIH,PRT,0.52812192,0.033699632
BIH,ROU,0.21967000000000003,0.034605149
BIH,RUS,0.46926433,0.07436914
BIH,SLV,0.61626843,0.028988568
BIH,SRB,0.69012758,0.21231112
BIH,SVK,0.41153938,0.060690254
BIH,SVN,0.5793401,0.090593874
BIH,SWE,0.19298071000000006,0.029639905
BIH,THA,0.033735689999999985,0.0091269612
BIH,TUN,0.6186691799999999,0.010679024
BIH,TWN,7.349000000000938e-05,0.0012647391
BIH,UKR,0.5177070500000001,0.0713524
BIH,URY,0.52441603,0.030696271
BIH,USA,0.24576401999999997,0.032865126
BIH,UZB,0.15735226999999996,0.024619563
BIH,VEN,0.60899109,0.028547546
BIH,ZAF,0.05013698,0.010306982
BLR,BLR,1.0,1.0
BLR,BOL,0.10729343000000002,0.13183326
BLR,BRA,0.13987236999999997,0.18720755
BLR,CAN,0.21393311000000004,0.20364216
BLR,CHE,0.19588739,0.14782472
BLR,CHL,0.14313637999999995,0.16881076
BLR,CHN,0.0032041699999999507,0.011058476
BLR,COL,0.13659131999999996,0.16553169
BLR,CYP,0.22670042999999995,0.15661934
BLR,CZE,0.47475523,0.40841019
BLR,DEU,0.24111461999999995,0.22634594
BLR,DNK,0.21413766999999995,0.2131847
BLR,DOM,0.12516492999999995,0.15722631
BLR,ECU,0.12251460999999997,0.15106952
BLR,ESP,0.15544373,0.17325284
BLR,FIN,0.14374887999999997,0.16866398
BLR,FRA,0.15995073000000004,0.18868399
BLR,GBR,0.24394906000000005,0.22604308
BLR,GEO,0.30705982,0.2906605
BLR,GRC,0.23982543,0.14453182
BLR,HRV,0.36052525,0.33027062
BLR,HUN,0.09404509999999999,0.13261677
BLR,IDN,0.0005670199999999737,0.033024985
BLR,IND,0.16032778999999997,0.077605508
BLR,ISR,0.13488656,0.12906139
BLR,ITA,0.19051993,0.15360548
BLR,JAM,0.014221550000000027,0.016753502
BLR,JPN,0.023107710000000004,0.11067171
BLR,KAZ,0.44231396999999995,0.40982515
BLR,KOR,0.05242091000000004,0.06640783
BLR,LBN,0.06403238,0.073576719
BLR,LTU,0.51855221,0.35811046
BLR,MAR,0.035954240000000026,0.050966516
BLR,MCO,0.14448797999999996,0.15925774
BLR,MDA,0.42751551,0.38261396
BLR,MEX,0.13360565999999996,0.16061372
BLR,NLD,0.21928155000000005,0.19848493
BLR,NOR,0.22710997,0.122359
BLR,NZL,0.24039465000000004,0.21541445
BLR,PAK,0.19225281000000005,0.086219512
BLR,PER,0.11493880000000001,0.14226344
BLR,PHL,0.08265739999999999,0.090266198
BLR,POL,0.45604676,0.37469074
BLR,PRT,0.15981650000000003,0.19816306
BLR,ROU,0.20397012999999997,0.19842513
BLR,RUS,0.72585323,0.64725357
BLR,SLV,0.13233525000000002,0.16373304
BLR,SRB,0.46532207999999997,0.099066213
BLR,SVK,0.45521826,0.36379862
BLR,SVN,0.40252352,0.35380745
BLR,SWE,0.22086877000000005,0.2108205
BLR,THA,0.04763656999999999,0.062266495
BLR,TUN,0.03838366000000004,0.05828663
BLR,TWN,0.00011295000000000055,0.0086138286
BLR,UKR,0.75646135,0.60643959
BLR,URY,0.16505349000000002,0.18141359
BLR,USA,0.24576122,0.22671823
BLR,UZB,0.24253040999999997,0.21381927
BLR,VEN,0.13038921000000003,0.16126113
BLR,ZAF,0.07007443999999996,0.072958581
BOL,BOL,1.0,1.0
BOL,BRA,0.6060311199999999,0.60159844
BOL,CAN,0.20012527999999996,0.30333984
BOL,CHE,0.24805635000000004,0.27030089
BOL,CHL,0.72030821,0.73706782
BOL,CHN,0.0011603799999999609,0.0093367631
BOL,COL,0.76543535,0.77203757
BOL,CYP,0.11562013999999998,0.17215118
BOL,CZE,0.10681123000000003,0.14123452
BOL,DEU,0.13928008000000003,0.2224175
BOL,DNK,0.11956834999999999,0.21479699
BOL,DOM,0.7459907800000001,0.75059193
BOL,ECU,0.73520571,0.73045504
BOL,ESP,0.61945006,0.63038272
BOL,FIN,0.07857966000000005,0.17316777
BOL,FRA,0.35320251999999996,0.41016558
BOL,GBR,0.19315594000000003,0.32439375
BOL,GEO,0.043429199999999946,0.067445047
BOL,GRC,0.12764889000000001,0.1659272
BOL,HRV,0.32233185,0.2015948
BOL,HUN,0.04885733000000003,0.11693374
BOL,IDN,5.1559999999950534e-05,0.035901383
BOL,IND,0.11623907,0.080248795
BOL,ISR,0.060207719999999965,0.12236554
BOL,ITA,0.35857064000000005,0.31029981
BOL,JAM,0.009731889999999965,0.017783621
BOL,JPN,0.01219112,0.1018589
BOL,KAZ,0.06142544999999999,0.092619166
BOL,KOR,0.020379959999999975,0.07073462
BOL,LBN,0.09440428000000001,0.13105269
BOL,LTU,0.10941522999999997,0.12101304
BOL,MAR,0.08746712999999995,0.10968126
BOL,MCO,0.44219428000000005,0.38315779
BOL,MDA,0.23027812999999997,0.25500217
BOL,MEX,0.72693494,0.73596978
BOL,NLD,0.13061767999999996,0.22168609
BOL,NOR,0.10951054000000005,0.14187996
BOL,NZL,0.10910719999999996,0.25667861
BOL,PAK,0.18698418000000006,0.090710312
BOL,PER,0.70218894,0.69421148
BOL,PHL,0.03416960999999996,0.12697685
BOL,POL,0.11086183999999999,0.16744217
BOL,PRT,0.51313618,0.54110217
BOL,ROU,0.28150016,0.33708894
BOL,RUS,0.09950948000000004,0.12424494
BOL,SLV,0.79662649,0.79653686
BOL,SRB,0.37270813999999997,0.030128317
BOL,SVK,0.10442059999999997,0.12485728
BOL,SVN,0.34783936000000004,0.16625237
BOL,SWE,0.12864947000000004,0.22120477
BOL,THA,0.020934640000000004,0.069580078
BOL,TUN,0.10381478,0.12642486
BOL,TWN,4.46400000000402e-05,0.0068927533
BOL,UKR,0.10833389000000004,0.12120233
BOL,URY,0.6493256700000001,0.679066
BOL,USA,0.20947194000000002,0.35408983
BOL,UZB,0.03408867000000004,0.038897987
BOL,VEN,0.78251217,0.78217167
BOL,ZAF,0.031123400000000023,0.073444597
BRA,BRA,1.0,1.0
BRA,CAN,0.26092934999999995,0.41982371
BRA,CHE,0.31249547,0.36756662
BRA,CHL,0.68508506,0.70420337
BRA,CHN,0.002094570000000018,0.013456864
BRA,COL,0.72351459,0.72844374
BRA,CYP,0.15628165000000005,0.24616033
BRA,CZE,0.14202082000000005,0.20095727
BRA,DEU,0.18971008,0.3167223
BRA,DNK,0.16526121000000005,0.31363162
BRA,DOM,0.70416784,0.7071988
BRA,ECU,0.6876642399999999,0.68459034
BRA,ESP,0.62459007,0.64583308
BRA,FIN,0.1102069,0.2483855
BRA,FRA,0.41910601000000003,0.53861094
BRA,GBR,0.25448393999999996,0.44476289
BRA,GEO,0.05485523000000003,0.09370178
BRA,GRC,0.17159378999999997,0.23971356
BRA,HRV,0.39582883999999996,0.28566164
BRA,HUN,0.06777482999999995,0.16640553
BRA,IDN,0.0001232599999999584,0.050608501
BRA,IND,0.14855026999999998,0.117736
BRA,ISR,0.08585184999999995,0.17141064
BRA,ITA,0.42836332,0.41631824
BRA,JAM,0.013109860000000029,0.026471606
BRA,JPN,0.018839779999999973,0.15559492
BRA,KAZ,0.07985127000000003,0.12978172
BRA,KOR,0.03327148999999996,0.1042216
BRA,LBN,0.11941385000000004,0.17914963
BRA,LTU,0.14412689,0.17210585
BRA,MAR,0.10362375000000001,0.14104283
BRA,MCO,0.52197078,0.51173383
BRA,MDA,0.27736861,0.35325804
BRA,MEX,0.68834653,0.69678515
BRA,NLD,0.18154316999999998,0.32001269
BRA,NOR,0.15730864,0.20425826
BRA,NZL,0.16776943,0.37132788
BRA,PAK,0.23528141000000002,0.13471571
BRA,PER,0.65326402,0.6490441
BRA,PHL,0.05427945000000001,0.17543539
BRA,POL,0.14773548000000003,0.23890541
BRA,PRT,0.70855409,0.7752865
BRA,ROU,0.34129125000000005,0.46281105
BRA,RUS,0.12700968999999995,0.17385682
BRA,SLV,0.75021064,0.7457875
BRA,SRB,0.44280416,0.041384093
BRA,SVK,0.13729513000000004,0.17793722
BRA,SVN,0.4256835,0.24087076
BRA,SWE,0.17576950999999996,0.32020599
BRA,THA,0.03285408000000001,0.10401417
BRA,TUN,0.12558453999999997,0.16834939
BRA,TWN,0.00029676999999994624,0.0095428824
BRA,UKR,0.13852394,0.17185305
BRA,URY,0.6325663,0.67192471
BRA,USA,0.25815058,0.45558
BRA,UZB,0.04311556000000005,0.054265331
BRA,VEN,0.7388882299999999,0.73441863
BRA,ZAF,0.04766965000000001,0.10525802
CAN,CAN,1.0,1.0
CAN,CHE,0.38264167000000004,0.37708655
CAN,CHL,0.2752896,0.39807799
CAN,CHN,0.031154330000000008,0.028936112
CAN,COL,0.25877726,0.38530689
CAN,CYP,0.31031042,0.31455654
CAN,CZE,0.24290436999999998,0.24125907
CAN,DEU,0.37908584,0.42101035
CAN,DNK,0.36571062,0.44801986
CAN,DOM,0.23565435,0.36269951
CAN,ECU,0.22910160000000002,0.34789476
CAN,ESP,0.29466611,0.4055512
CAN,FIN,0.25578325999999996,0.35026559
CAN,FRA,0.36140931,0.49070174
CAN,GBR,0.51292795,0.58930713
CAN,GEO,0.06754375000000001,0.082597211
CAN,GRC,0.31752121,0.29968548
CAN,HRV,0.36561161,0.34881586
CAN,HUN,0.14910232999999995,0.20822792
CAN,IDN,0.006027699999999969,0.051116254
CAN,IND,0.21154832999999995,0.16416217
CAN,ISR,0.21685814999999997,0.24291396
CAN,ITA,0.31226146,0.34651691
CAN,JAM,0.029154420000000014,0.044607699
CAN,JPN,0.052293900000000004,0.24738242
CAN,KAZ,0.12079852999999996,0.13559949
CAN,KOR,0.11821090999999995,0.16305019
CAN,LBN,0.15255569999999996,0.19003062
CAN,LTU,0.23455733,0.20117649
CAN,MAR,0.09553272000000002,0.12691565
CAN,MCO,0.31663001,0.40897283
CAN,MDA,0.1978727,0.25054157
CAN,MEX,0.25434935000000003,0.37537545
CAN,NLD,0.40269971000000004,0.43399045
CAN,NOR,0.38739323999999997,0.31092376
CAN,NZL,0.51783511,0.57990015
CAN,PAK,0.28815407000000004,0.19983509
CAN,PER,0.21473092000000005,0.32740068
CAN,PHL,0.19109403999999997,0.23743276
CAN,POL,0.26462471,0.28747532
CAN,PRT,0.31807202,0.46934178
CAN,ROU,0.30151534,0.39271507
CAN,RUS,0.16978216000000002,0.17007683
CAN,SLV,0.24725664000000003,0.37682158
CAN,SRB,0.24557245000000005,0.036479272
CAN,SVK,0.21901441,0.21067603
CAN,SVN,0.36078054000000004,0.31138843
CAN,SWE,0.38457531,0.45682529
CAN,THA,0.10616826999999995,0.14672126
CAN,TUN,0.10545576000000001,0.14619724
CAN,TWN,0.024565159999999975,0.019320451
CAN,UKR,0.18690163000000004,0.1692533
CAN,URY,0.31389433,0.42853248
CAN,USA,0.52563611,0.60401666
CAN,UZB,0.05408913000000004,0.050430149
CAN,VEN,0.24284165999999996,0.37037489
CAN,ZAF,0.13869715000000005,0.15400499
CHE,CHE,1.0,1.0
CHE,CHL,0.31459570000000003,0.33960298
CHE,CHN,0.005678300000000025,0.011369603
CHE,COL,0.30971932,0.33694717
CHE,CYP,0.25762868000000005,0.21869856
CHE,CZE,0.22214836000000004,0.17131267
CHE,DEU,0.37272096,0.29464379
CHE,DNK,0.32315134999999995,0.30109593
CHE,DOM,0.29153174000000004,0.32284299
CHE,ECU,0.28293060999999997,0.30907106
CHE,ESP,0.32340419,0.33807468
CHE,FIN,0.21682738999999995,0.23818712
CHE,FRA,0.39770322999999996,0.41555145
CHE,GBR,0.42437083,0.408977
CHE,GEO,0.06537669999999995,0.063653335
CHE,GRC,0.27228801999999996,0.21041739
CHE,HRV,0.36170238,0.24797192
CHE,HUN,0.12868285000000002,0.14546122
CHE,IDN,0.0004407800000000295,0.037321355
CHE,IND,0.178137,0.10351839
CHE,ISR,0.17056590000000005,0.1640439
CHE,ITA,0.34027392,0.2899507
CHE,JAM,0.019498589999999982,0.030344754
CHE,JPN,0.038528980000000046,0.15864457
CHE,KAZ,0.10984879999999997,0.099388286
CHE,KOR,0.08597147000000005,0.10415107
CHE,LBN,0.14554584000000004,0.14929552
CHE,LTU,0.21296251,0.14339747
CHE,MAR,0.10031182000000005,0.1069674
CHE,MCO,0.39919466000000003,0.37542969
CHE,MDA,0.21737003,0.21473885
CHE,MEX,0.30038606999999995,0.32597893
CHE,NLD,0.36581706999999997,0.30058894
CHE,NOR,0.31659919000000003,0.20460038
CHE,NZL,0.39206409,0.37751982
CHE,PAK,0.24911642,0.12752078
CHE,PER,0.26643293999999995,0.29168051
CHE,PHL,0.13708072999999998,0.15564604
CHE,POL,0.23892391000000002,0.20379925
CHE,PRT,0.34927571,0.39418319
CHE,ROU,0.30556715,0.31693891
CHE,RUS,0.16056417999999995,0.12797788
CHE,SLV,0.30661762000000004,0.3355301
CHE,SRB,0.27320266000000004,0.033052847
CHE,SVK,0.20522927999999996,0.15054455
CHE,SVN,0.35925615,0.21712716
CHE,SWE,0.33122933,0.30681199
CHE,THA,0.07992917,0.09702906
CHE,TUN,0.11935461000000003,0.12907964
CHE,TWN,0.0010927899999999546,0.007005475
CHE,UKR,0.17574245,0.12730116
CHE,URY,0.33392245,0.35113832
CHE,USA,0.41257548,0.40541878
CHE,UZB,0.05238664000000004,0.038585152
CHE,VEN,0.30124700000000004,0.32992333
CHE,ZAF,0.11011850999999995,0.10236578
CHL,CHL,1.0,1.0
CHL,CHN,0.002674280000000029,0.012039288
CHL,COL,0.86017399,0.88857991
CHL,CYP,0.16728531999999996,0.228494
CHL,CZE,0.14730483000000005,0.18465447
CHL,DEU,0.20253295000000004,0.29791296
CHL,DNK,0.18026567000000004,0.29441825
CHL,DOM,0.83603361,0.86228657
CHL,ECU,0.81761548,0.83837992
CHL,ESP,0.70690399,0.73696083
CHL,FIN,0.12058342,0.23532426
CHL,FRA,0.41985565,0.502895
CHL,GBR,0.27939468999999995,0.43090299
CHL,GEO,0.054942069999999954,0.083160169
CHL,GRC,0.18067169000000005,0.21949683
CHL,HRV,0.39375406999999996,0.26488775
CHL,HUN,0.07358896999999998,0.15453036
CHL,IDN,0.00017350999999998784,0.045154028
CHL,IND,0.15145987000000005,0.10770659
CHL,ISR,0.09462959000000004,0.16545303
CHL,ITA,0.42463671999999997,0.37962887
CHL,JAM,0.015677209999999997,0.025119742
CHL,JPN,0.019596700000000022,0.1425216
CHL,KAZ,0.08160453999999995,0.11747231
CHL,KOR,0.03878945,0.098278284
CHL,LBN,0.11886333999999998,0.16529913
CHL,LTU,0.14870404999999998,0.15743472
CHL,MAR,0.10348493000000003,0.13374057
CHL,MCO,0.5055709500000001,0.46065688
CHL,MDA,0.27156179999999996,0.3059642
CHL,MEX,0.81819741,0.84818912
CHL,NLD,0.19662279000000005,0.29897648
CHL,NOR,0.17284489000000003,0.19661064
CHL,NZL,0.19251238999999998,0.35838407
CHL,PAK,0.23787128999999996,0.1247801
CHL,PER,0.77678066,0.79548556
CHL,PHL,0.06350820999999995,0.16950257
CHL,POL,0.15492605999999998,0.21920624
CHL,PRT,0.5916796,0.64487261
CHL,ROU,0.34143007000000003,0.41422161
CHL,RUS,0.12825083999999998,0.15563896
CHL,SLV,0.89202948,0.91387117
CHL,SRB,0.42770892000000005,0.036882579
CHL,SVK,0.14124513000000005,0.16278282
CHL,SVN,0.41949605999999995,0.22162586
CHL,SWE,0.19265515,0.30246562
CHL,THA,0.03780751999999998,0.095207542
CHL,TUN,0.12089585999999997,0.15345895
CHL,TWN,0.0005638000000000032,0.00849842
CHL,UKR,0.13999063,0.15226032
CHL,URY,0.7432168699999999,0.79387498
CHL,USA,0.30187082,0.4672862
CHL,UZB,0.04320734999999998,0.048245646
CHL,VEN,0.87617064,0.8974008
CHL,ZAF,0.053082349999999945,0.10067897
CHN,CHN,1.0,1.0
CHN,COL,0.0017345500000000014,0.011444048
CHN,CYP,0.005426229999999976,0.012045785
CHN,CZE,0.0035851000000000077,0.010945486
CHN,DEU,0.006154299999999946,0.012635523
CHN,DNK,0.006244180000000044,0.013430263
CHN,DOM,0.0050913700000000395,0.01403528
CHN,ECU,0.002204479999999953,0.011161323
CHN,ESP,0.005226020000000053,0.013995651
CHN,FIN,0.004896459999999991,0.011766544
CHN,FRA,0.004104200000000002,0.01400262
CHN,GBR,0.008462729999999974,0.015453761
CHN,GEO,0.0010358099999999704,0.0057939007
CHN,GRC,0.005549429999999966,0.011869728
CHN,HRV,0.004473150000000037,0.011683499
CHN,HUN,0.003711339999999952,0.010649811
CHN,IDN,0.004241759999999983,0.0071654846
CHN,IND,0.0044236199999999615,0.0082388436
CHN,ISR,0.0032716999999999885,0.0076409732
CHN,ITA,0.004483879999999996,0.010971288
CHN,JAM,0.015942750000000006,0.0018927298
CHN,JPN,0.0048671999999999604,0.19490401
CHN,KAZ,0.00456321000000004,0.0096966773
CHN,KOR,0.005936619999999948,0.060991652
CHN,LBN,0.001700640000000031,0.0065670921
CHN,LTU,0.0034518799999999628,0.0088419151
CHN,MAR,0.0007782600000000306,0.0049121263
CHN,MCO,0.001985070000000033,0.011913128
CHN,MDA,0.0022362500000000507,0.010634324
CHN,MEX,0.001906870000000005,0.011190867
CHN,NLD,0.007360640000000029,0.012542854
CHN,NOR,0.007213470000000055,0.0088071246
CHN,NZL,0.029701109999999975,0.028638307
CHN,PAK,0.003934090000000001,0.008150897
CHN,PER,0.0037108099999999533,0.010282062
CHN,PHL,0.0074974899999999955,0.0079815546
CHN,POL,0.003931459999999998,0.010615078
CHN,PRT,0.0041128400000000065,0.014711557
CHN,ROU,0.0036200899999999647,0.012081939
CHN,RUS,0.00297177000000004,0.010926095
CHN,SLV,0.001578450000000009,0.011371046
CHN,SRB,0.003079000000000054,0.0028011289
CHN,SVK,0.003183599999999953,0.010276914
CHN,SVN,0.004229959999999977,0.011444397
CHN,SWE,0.0071917200000000125,0.013726139
CHN,THA,0.020414530000000042,0.01366649
CHN,TUN,0.000701900000000033,0.0057048476
CHN,TWN,0.74176836,0.40035141
CHN,UKR,0.00275046000000001,0.010579563
CHN,URY,0.003600060000000016,0.01266223
CHN,USA,0.015395999999999965,0.020162826
CHN,UZB,0.004514869999999949,0.0040982398
CHN,VEN,0.0013995799999999559,0.011160918
CHN,ZAF,0.002197560000000043,0.0063913004
COL,COL,1.0,1.0
COL,CYP,0.15257889000000002,0.21958643
COL,CZE,0.13793438999999996,0.17895663
COL,DEU,0.18394661,0.28476939
COL,DNK,0.16064489000000004,0.27789134
COL,DOM,0.88785813,0.90231162
COL,ECU,0.86870596,0.87796193
COL,ESP,0.7424637700000001,0.76322085
COL,FIN,0.10651392000000004,0.22324088
COL,FRA,0.42994654,0.50609547
COL,GBR,0.25531024,0.41427574
COL,GEO,0.054066660000000044,0.083322175
COL,GRC,0.16675185999999997,0.21127167
COL,HRV,0.39659988999999995,0.25601417
COL,HUN,0.06566625999999998,0.1488868
COL,IDN,7.056999999999203e-05,0.044725787
COL,IND,0.14675355,0.1029001
COL,ISR,0.08267844000000002,0.15749353
COL,ITA,0.43556653999999995,0.38229698
COL,JAM,0.012908579999999947,0.023326876
COL,JPN,0.016289650000000044,0.1324275
COL,KAZ,0.07806599000000003,0.11581302
COL,KOR,0.030722620000000034,0.092038229
COL,LBN,0.11769021000000002,0.16369252
COL,LTU,0.14042257999999996,0.15300795
COL,MAR,0.10636186999999997,0.13502175
COL,MCO,0.5301103300000001,0.46881959
COL,MDA,0.2791279,0.31171569
COL,MEX,0.86677274,0.88604486
COL,NLD,0.17507821,0.28474858
COL,NOR,0.15038775999999998,0.1846253
COL,NZL,0.15828884,0.33513644
COL,PAK,0.23388427,0.11761394
COL,PER,0.82560278,0.83328915
COL,PHL,0.050886509999999996,0.16252045
COL,POL,0.14400512,0.21229787
COL,PRT,0.61731634,0.65999466
COL,ROU,0.34523302,0.41626069
COL,RUS,0.12486279,0.15453196
COL,SLV,0.948005885,0.95724159
COL,SRB,0.44758469,0.037077162
COL,SVK,0.13371533000000002,0.15799379
COL,SVN,0.42589462,0.21245626
COL,SWE,0.17241715999999996,0.28593832
COL,THA,0.03072834000000002,0.089996725
COL,TUN,0.12543720000000003,0.15531835
COL,TWN,6.74699999999584e-05,0.0082674772
COL,UKR,0.13607888999999995,0.15093337
COL,URY,0.77921258,0.82221639
COL,USA,0.27652013,0.45101935
COL,UZB,0.04247641999999996,0.048170313
COL,VEN,0.931203298,0.94000375
COL,ZAF,0.044258710000000034,0.095050305
CYP,CYP,1.0,1.0
CYP,CZE,0.22827679,0.16908151
CYP,DEU,0.28562486,0.26149285
CYP,DNK,0.28258156999999995,0.2795288
CYP,DOM,0.13533169,0.20555879
CYP,ECU,0.13250023,0.19746847
CYP,ESP,0.18467051,0.23551877
CYP,FIN,0.19329518,0.21853724
CYP,FRA,0.21291970999999998,0.27673072
CYP,GBR,0.36447381999999995,0.35387743
CYP,GEO,0.08508247000000002,0.074122205
CYP,GRC,0.46216707999999995,0.42191112
CYP,HRV,0.26564533,0.2306412
CYP,HUN,0.11121649,0.13893738
CYP,IDN,0.0017920700000000345,0.03945031
CYP,IND,0.18187958000000004,0.10426302
CYP,ISR,0.16128463000000004,0.15200813
CYP,ITA,0.22175997000000003,0.21051742
CYP,JAM,0.019147400000000037,0.027387233
CYP,JPN,0.03695583000000002,0.15409507
CYP,KAZ,0.14146358000000003,0.11425959
CYP,KOR,0.08428340999999995,0.10039142
CYP,LBN,0.09992498000000005,0.11494336
CYP,LTU,0.23338020000000004,0.14144927
CYP,MAR,0.05620681999999999,0.075261772
CYP,MCO,0.16970180999999995,0.22530079
CYP,MDA,0.19737565999999995,0.1738347
CYP,MEX,0.15127385000000004,0.21434325
CYP,NLD,0.30263942,0.26760015
CYP,NOR,0.30178452,0.18964125
CYP,NZL,0.37843794,0.35316193
CYP,PAK,0.22574437000000003,0.12492812
CYP,PER,0.12378465999999999,0.18572325
CYP,PHL,0.13605118000000005,0.14711954
CYP,POL,0.23988873,0.1949324
CYP,PRT,0.19541496000000003,0.27327895
CYP,ROU,0.23536122000000004,0.24368554
CYP,RUS,0.19526988,0.13909656
CYP,SLV,0.14247971999999998,0.21375018
CYP,SRB,0.19258224999999995,0.026703861
CYP,SVK,0.20997924,0.14909443
CYP,SVN,0.26053071000000005,0.20941846
CYP,SWE,0.29566264,0.28377789
CYP,THA,0.07656854000000002,0.09438318
CYP,TUN,0.05809867000000002,0.084977552
CYP,TWN,0.0007602599999999571,0.0081929117
CYP,UKR,0.2126289,0.13796972
CYP,URY,0.20153277999999997,0.25035873
CYP,USA,0.37911922,0.36553034
CYP,UZB,0.08503704999999995,0.044270433
CYP,VEN,0.14001143000000005,0.21021973
CYP,ZAF,0.10350585000000001,0.099392258
CZE,CZE,1.0,1.0
CZE,DEU,0.27640098,0.26571354
CZE,DNK,0.24527186,0.25779465
CZE,DOM,0.12478423000000005,0.16852701
CZE,ECU,0.12224942000000005,0.16215362
CZE,ESP,0.16152537,0.19108742
CZE,FIN,0.16188568000000003,0.19989507
CZE,FRA,0.17752027999999997,0.21692671
CZE,GBR,0.28377134000000004,0.27314037
CZE,GEO,0.18794774999999997,0.1892923
CZE,GRC,0.24258995000000005,0.15940996
CZE,HRV,0.34767264,0.34120926
CZE,HUN,0.10258590999999995,0.14747371
CZE,IDN,0.001357610000000009,0.031652931
CZE,IND,0.16051232999999998,0.08596915
CZE,ISR,0.13556033,0.13403419
CZE,ITA,0.19511771,0.17149787
CZE,JAM,0.015351120000000051,0.021095334
CZE,JPN,0.027381540000000038,0.12622127
CZE,KAZ,0.27643907,0.26949573
CZE,KOR,0.062229219999999974,0.079130188
CZE,LBN,0.07215249999999995,0.085147195
CZE,LTU,0.39696652,0.27101964
CZE,MAR,0.039904240000000035,0.057280958
CZE,MCO,0.15078192999999995,0.1777508
CZE,MDA,0.30097759,0.28249162
CZE,MEX,0.13565516,0.17421207
CZE,NLD,0.25916445,0.24476379
CZE,NOR,0.25161188999999995,0.14727701
CZE,NZL,0.2832219,0.26469013
CZE,PAK,0.19764488999999996,0.09908662
CZE,PER,0.11430322999999998,0.15240766
CZE,PHL,0.09840607999999995,0.10897981
CZE,POL,0.44554085,0.35287556
CZE,PRT,0.16840345,0.21910262
CZE,ROU,0.20595854999999996,0.20774016
CZE,RUS,0.44570476000000003,0.41494745
CZE,SLV,0.13174164,0.17551744
CZE,SRB,0.37758046,0.068870872
CZE,SVK,0.52729675,0.45108455
CZE,SVN,0.37723821,0.36349005
CZE,SWE,0.24969065000000001,0.25459528
CZE,THA,0.056610229999999984,0.071999937
CZE,TUN,0.04198824999999995,0.065002054
CZE,TWN,0.00014901000000000497,0.0079880645
CZE,UKR,0.48723227,0.41690984
CZE,URY,0.17335403000000005,0.20140551
CZE,USA,0.28633445999999996,0.27499232
CZE,UZB,0.14858055000000003,0.13570224
CZE,VEN,0.12960278999999997,0.1726819
CZE,ZAF,0.08128714999999997,0.083818436
DEU,DEU,1.0,1.0
DEU,DNK,0.41365057000000005,0.4916223
DEU,DOM,0.16310446999999995,0.26593742
DEU,ECU,0.16030365000000002,0.25617725
DEU,ESP,0.22517370999999997,0.30890587
DEU,FIN,0.26292932,0.34853053
DEU,FRA,0.28170055000000005,0.37885547
DEU,GBR,0.45963496000000004,0.48837119
DEU,GEO,0.07801568999999997,0.094076328
DEU,GRC,0.30374056000000005,0.25699899
DEU,HRV,0.37554002,0.36609644
DEU,HUN,0.16543156000000003,0.21171549
DEU,IDN,0.0003653200000000023,0.044108316
DEU,IND,0.18542879999999995,0.13084383
DEU,ISR,0.19423044,0.201354
DEU,ITA,0.25492543,0.27581519
DEU,JAM,0.023011739999999947,0.03687479
DEU,JPN,0.04517572999999997,0.20310442
DEU,KAZ,0.13394397000000002,0.1480976
DEU,KOR,0.10290222999999998,0.12987375
DEU,LBN,0.12005423999999998,0.14664942
DEU,LTU,0.25888562000000004,0.21177195
DEU,MAR,0.06954621999999999,0.094692528
DEU,MCO,0.21494174,0.29982477
DEU,MDA,0.18975735000000005,0.22409056
DEU,MEX,0.18246269000000004,0.27823284
DEU,NLD,0.47388262000000003,0.48639801
DEU,NOR,0.37030184,0.25630373
DEU,NZL,0.46288823999999995,0.47746238
DEU,PAK,0.24654222000000003,0.16233566
DEU,PER,0.14871615000000005,0.24002035
DEU,PHL,0.16284144,0.18974972
DEU,POL,0.30109381999999996,0.30357364
DEU,PRT,0.23977894,0.35874686
DEU,ROU,0.26305574,0.31848744
DEU,RUS,0.19476926000000006,0.19794932
DEU,SLV,0.17186009999999996,0.27672672
DEU,SRB,0.20376103999999995,0.037620753
DEU,SVK,0.25752240000000004,0.23788622
DEU,SVN,0.36056005999999996,0.3352561
DEU,SWE,0.40422618,0.46985993
DEU,THA,0.09359287999999999,0.12149547
DEU,TUN,0.07261311999999998,0.10709815
DEU,TWN,0.0007093000000000238,0.0076249768
DEU,UKR,0.21030766,0.19473951
DEU,URY,0.24358636,0.32796246
DEU,USA,0.46190917,0.49024096
DEU,UZB,0.06369102000000004,0.060539406
DEU,VEN,0.16838735000000005,0.27169073
DEU,ZAF,0.13331466999999997,0.14204524
DNK,DNK,1.0,1.0
DNK,DOM,0.13995570000000002,0.257191
DNK,ECU,0.13770163000000002,0.24764277
DNK,ESP,0.20261008000000003,0.30866277
DNK,FIN,0.28425842999999995,0.39233914
DNK,FRA,0.2444303,0.37581909
DNK,GBR,0.44120066999999996,0.52107555
DNK,GEO,0.06831807000000001,0.086244635
DNK,GRC,0.29610378000000004,0.27181792
DNK,HRV,0.31586813999999996,0.36211655
DNK,HUN,0.14438169999999995,0.21362041
DNK,IDN,0.00032841999999999594,0.04618571
DNK,IND,0.18440133000000003,0.14087026
DNK,ISR,0.18556165999999996,0.21623279
DNK,ITA,0.23525256000000005,0.28057033
DNK,JAM,0.021955610000000014,0.039696559
DNK,JPN,0.04486429999999997,0.22305854
DNK,KAZ,0.11907756000000003,0.13930024
DNK,KOR,0.10286194000000004,0.14394832
DNK,LBN,0.10679649999999996,0.1495349
DNK,LTU,0.23481417000000004,0.2074877
DNK,MAR,0.05680512999999998,0.09389028
DNK,MCO,0.17743188,0.28740072
DNK,MDA,0.17274606000000003,0.21218194
DNK,MEX,0.16033554000000005,0.2725386
DNK,NLD,0.41159081,0.4878875
DNK,NOR,0.45836847999999997,0.28107014
DNK,NZL,0.45909184000000003,0.52308291
DNK,PAK,0.24234807000000003,0.17726353
DNK,PER,0.12754761999999997,0.23180076
DNK,PHL,0.16243856999999995,0.20659825
DNK,POL,0.26609910000000003,0.29984078
DNK,PRT,0.21518594000000002,0.36042303
DNK,ROU,0.24691319,0.32282346
DNK,RUS,0.17051399,0.1788843
DNK,SLV,0.14735072999999999,0.26727885
DNK,SRB,0.17406898999999998,0.03297282
DNK,SVK,0.22498399000000002,0.22917154
DNK,SVN,0.30200015999999996,0.33016682
DNK,SWE,0.4586578,0.54185188
DNK,THA,0.09330285000000005,0.13188113
DNK,TUN,0.056781230000000016,0.10405088
DNK,TWN,0.0008257000000000403,0.0079633985
DNK,UKR,0.18754362999999996,0.17920154
DNK,URY,0.22236889999999998,0.33024561
DNK,USA,0.45596771999999997,0.53306121
DNK,UZB,0.05484325000000001,0.053803124
DNK,VEN,0.14443790999999995,0.26244068
DNK,ZAF,0.13001328999999995,0.15447572
DOM,DOM,1.0,1.0
DOM,ECU,0.84654093,0.85345101
DOM,ESP,0.7194365899999999,0.73898184
DOM,FIN,0.09219807000000002,0.20724642
DOM,FRA,0.41559500000000005,0.48916554
DOM,GBR,0.22692579000000002,0.38731498
DOM,GEO,0.05061525,0.0802738
DOM,GRC,0.14936024000000003,0.19813646
DOM,HRV,0.37629384,0.24045865
DOM,HUN,0.057264390000000054,0.13955708
DOM,IDN,0.0006493300000000035,0.042891633
DOM,IND,0.13570684,0.095974013
DOM,ISR,0.07091605999999995,0.14634304
DOM,ITA,0.41886097,0.36828235
DOM,JAM,0.02462125000000004,0.02321149
DOM,JPN,0.013488830000000007,0.12302706
DOM,KAZ,0.07166320000000004,0.11044127
DOM,KOR,0.024067339999999993,0.084912084
DOM,LBN,0.11150490999999996,0.15685755
DOM,LTU,0.12775618,0.14454027
DOM,MAR,0.10307454999999999,0.13076118
DOM,MCO,0.51956353,0.45754766
DOM,MDA,0.26847160000000003,0.30280498
DOM,MEX,0.84327385,0.86028922
DOM,NLD,0.15284633999999997,0.26513359
DOM,NOR,0.12837303,0.1698495
DOM,NZL,0.12857865999999996,0.3074213
DOM,PAK,0.21835691000000002,0.10869296
DOM,PER,0.80471501,0.81013894
DOM,PHL,0.04034996000000002,0.15115638
DOM,POL,0.12955475000000005,0.1999837
DOM,PRT,0.59778458,0.63844258
DOM,ROU,0.32887137,0.40074569
DOM,RUS,0.11602520999999999,0.14802192
DOM,SLV,0.923998035,0.93061429
DOM,SRB,0.43478823,0.035924353
DOM,SVK,0.12191266,0.14902395
DOM,SVN,0.40603781000000005,0.19869214
DOM,SWE,0.15065580999999995,0.26473251
DOM,THA,0.024757330000000022,0.08334884
DOM,TUN,0.12265921000000002,0.15116358
DOM,TWN,0.003572110000000017,0.010406249
DOM,UKR,0.12629670000000004,0.14442775
DOM,URY,0.75366786,0.79523176
DOM,USA,0.24497163,0.42088875
DOM,UZB,0.03976268000000005,0.046337433
DOM,VEN,0.907622293,0.91385305
DOM,ZAF,0.03640842,0.087950066
ECU,ECU,1.0,1.0
ECU,ESP,0.7034266,0.71754462
ECU,FIN,0.09052932000000002,0.19935575
ECU,FRA,0.40171468,0.46826074
ECU,GBR,0.22169172999999998,0.37241727
ECU,GEO,0.04945683000000001,0.077062011
ECU,GRC,0.14610213000000005,0.19028476
ECU,HRV,0.36717451,0.23151939
ECU,HUN,0.05625844000000002,0.13433121
ECU,IDN,6.461000000002048e-05,0.041050475
ECU,IND,0.13264120000000001,0.092179596
ECU,ISR,0.06944293000000001,0.14065319
ECU,ITA,0.40765333000000004,0.35414785
ECU,JAM,0.011170030000000053,0.020504538
ECU,JPN,0.013147229999999954,0.1167893
ECU,KAZ,0.07011162999999998,0.10603307
ECU,KOR,0.023762170000000027,0.081400536
ECU,LBN,0.10770612999999996,0.14992711
ECU,LTU,0.12508671999999998,0.13883083
ECU,MAR,0.09953564000000004,0.12515777
ECU,MCO,0.5020625599999999,0.43680656
ECU,MDA,0.26165664,0.29072464
ECU,MEX,0.82506853,0.83701128
ECU,NLD,0.14997941000000004,0.25531009
ECU,NOR,0.12636345999999998,0.16368322
ECU,NZL,0.12659889000000002,0.29571715
ECU,PAK,0.21318859,0.10438681
ECU,PER,0.79100662,0.78840834
ECU,PHL,0.039779250000000044,0.14580007
ECU,POL,0.12699717,0.19222708
ECU,PRT,0.5827517799999999,0.61648941
ECU,ROU,0.32033955999999997,0.38487846
ECU,RUS,0.11342412000000002,0.14214998
ECU,SLV,0.903989673,0.90564853
ECU,SRB,0.42322742999999996,0.034399085
ECU,SVK,0.11941212000000001,0.14334157
ECU,SVN,0.39599377,0.19116727
ECU,SWE,0.14803045999999997,0.25484732
ECU,THA,0.024336339999999956,0.080039494
ECU,TUN,0.11804557000000004,0.14421397
ECU,TWN,0.0008575299999999952,0.0082187904
ECU,UKR,0.12348598,0.1386946
ECU,URY,0.73746499,0.77297723
ECU,USA,0.24036866,0.40628117
ECU,UZB,0.038822350000000005,0.0444736
ECU,VEN,0.88796529,0.88931346
ECU,ZAF,0.035885869999999986,0.084545307
ESP,ESP,1.0,1.0
ESP,FIN,0.13678997999999998,0.24610014
ESP,FRA,0.41149276,0.49061128
ESP,GBR,0.30475241,0.4400456
ESP,GEO,0.05824130999999999,0.083020836
ESP,GRC,0.19784146999999996,0.22644556
ESP,HRV,0.39463627,0.27279788
ESP,HUN,0.08284502999999999,0.15923515
ESP,IDN,0.0003024900000000441,0.045536969
ESP,IND,0.15798365999999997,0.1115374
ESP,ISR,0.11340176999999996,0.17165522
ESP,ITA,0.41304898,0.37004793
ESP,JAM,0.01497923999999995,0.027256619
ESP,JPN,0.023213620000000046,0.15458366
ESP,KAZ,0.08848131000000004,0.1197008
ESP,KOR,0.04773945000000002,0.10430042
ESP,LBN,0.12920845000000003,0.1651165
ESP,LTU,0.16374754999999996,0.16198477
ESP,MAR,0.10906892999999995,0.13371478
ESP,MCO,0.48493761,0.44808933
ESP,MDA,0.26922292000000003,0.29887128
ESP,MEX,0.70739213,0.7298128
ESP,NLD,0.22187901,0.31146848
ESP,NOR,0.19859284,0.20660329
ESP,NZL,0.23007411,0.37802884
ESP,PAK,0.24308311999999999,0.1311027
ESP,PER,0.66785961,0.68036354
ESP,PHL,0.07752537999999998,0.17379259
ESP,POL,0.17045093,0.22662573
ESP,PRT,0.55142891,0.60352635
ESP,ROU,0.34092033,0.40740833
ESP,RUS,0.13696914999999998,0.15779608
ESP,SLV,0.76706691,0.78175294
ESP,SRB,0.41214728,0.036564436
ESP,SVK,0.15332931000000005,0.16868858
ESP,SVN,0.41790998,0.23168667
ESP,SWE,0.21522116999999996,0.3163237
ESP,THA,0.045717539999999945,0.099861756
ESP,TUN,0.12640065,0.14999425
ESP,TWN,0.0025623399999999963,0.0097276689
ESP,UKR,0.15003776999999996,0.15580703
ESP,URY,0.65523931,0.69686258
ESP,USA,0.32067871000000003,0.46761107
ESP,UZB,0.0457322,0.04876183
ESP,VEN,0.75365672,0.76788068
ESP,ZAF,0.06303066000000002,0.10562036
FIN,FIN,1.0,1.0
FIN,FRA,0.16907048000000002,0.29890305
FIN,GBR,0.30666101,0.4028565
FIN,GEO,0.045677190000000034,0.073366612
FIN,GRC,0.20008230000000005,0.21056385
FIN,HRV,0.20993328,0.27545157
FIN,HUN,0.19973779000000003,0.17951582
FIN,IDN,0.00024080000000004098,0.039802972
FIN,IND,0.12365674999999998,0.11004061
FIN,ISR,0.12967527,0.1685039
FIN,ITA,0.15944499,0.22358318
FIN,JAM,0.015968859999999974,0.029239798
FIN,JPN,0.03149265000000001,0.17614144
FIN,KAZ,0.08067429000000004,0.11250556
FIN,KOR,0.07185596000000005,0.11227261
FIN,LBN,0.07491267000000001,0.11910784
FIN,LTU,0.15566689,0.16021447
FIN,MAR,0.039955379999999985,0.076020971
FIN,MCO,0.12255006999999996,0.2340727
FIN,MDA,0.11359215,0.16792144
FIN,MEX,0.10661405000000002,0.21866786
FIN,NLD,0.26956522000000005,0.34871471
FIN,NOR,0.29547542000000004,0.21716197
FIN,NZL,0.32119334,0.40388072
FIN,PAK,0.16429883,0.13821022
FIN,PER,0.08384466000000002,0.18687733
FIN,PHL,0.11398304000000004,0.16143067
FIN,POL,0.17553079000000005,0.22866073
FIN,PRT,0.14693098999999998,0.28515887
FIN,ROU,0.17262679000000003,0.25276974
FIN,RUS,0.11535567000000002,0.1440161
FIN,SLV,0.09685153000000002,0.21536581
FIN,SRB,0.12040991000000001,0.027444761
FIN,SVK,0.15331565999999996,0.17957169
FIN,SVN,0.20157265999999996,0.25244159
FIN,SWE,0.31275772999999996,0.41422755
FIN,THA,0.0656774,0.10259876
FIN,TUN,0.040103670000000036,0.085114427
FIN,TWN,0.0010733000000000548,0.0075724106
FIN,UKR,0.12620914000000005,0.14414853
FIN,URY,0.15041386999999995,0.26209956
FIN,USA,0.31871116,0.41338047
FIN,UZB,0.03665227000000004,0.043886013
FIN,VEN,0.09496342999999996,0.2115382
FIN,ZAF,0.08886163999999996,0.11885921
FRA,FRA,1.0,1.0
FRA,GBR,0.36744732,0.52177691
FRA,GEO,0.056722159999999966,0.08400102
FRA,GRC,0.22764032999999995,0.26835823
FRA,HRV,0.37375634999999996,0.31452337
FRA,HUN,0.09979176999999995,0.18498415
FRA,IDN,0.0002473600000000298,0.048979688
FRA,IND,0.15970169999999995,0.12863554
FRA,ISR,0.14274597,0.20423172
FRA,ITA,0.38593179,0.39071652
FRA,JAM,0.017860710000000002,0.03758584
FRA,JPN,0.02889383000000001,0.19215575
FRA,KAZ,0.09069245999999997,0.12757841
FRA,KOR,0.06277096000000004,0.12669595
FRA,LBN,0.17145431,0.20502487
FRA,LTU,0.17315709999999995,0.18315201
FRA,MAR,0.13710606000000003,0.15506609
FRA,MCO,0.55793491,0.5540092
FRA,MDA,0.23502308000000005,0.30471918
FRA,MEX,0.41251737,0.48770896
FRA,NLD,0.27773881,0.38330469
FRA,NOR,0.24108666,0.25074151
FRA,NZL,0.29298263999999996,0.45947856
FRA,PAK,0.23824232999999995,0.15626585
FRA,PER,0.38030469,0.44261089
FRA,PHL,0.10006504999999999,0.19275372
FRA,POL,0.18962597999999997,0.26031807
FRA,PRT,0.44052201999999996,0.5649724
FRA,ROU,0.32576227,0.43878829
FRA,RUS,0.13615781000000005,0.16638352
FRA,SLV,0.43708919999999996,0.50895894
FRA,SRB,0.35259103999999997,0.041124839
FRA,SVK,0.16527343000000005,0.19150253
FRA,SVN,0.38832074000000005,0.27336633
FRA,SWE,0.25695133000000003,0.3825404
FRA,THA,0.059862320000000024,0.11910635
FRA,TUN,0.17028016,0.1901425
FRA,TWN,0.0008408399999999538,0.0089204088
FRA,UKR,0.14823323,0.16390608
FRA,URY,0.41408455,0.50624382
FRA,USA,0.33500683,0.50676095
FRA,UZB,0.04500729000000003,0.050442398
FRA,VEN,0.42972434000000004,0.50045288
FRA,ZAF,0.07943361999999998,0.12554669
GBR,GBR,1.0,1.0
GBR,GEO,0.07416909999999999,0.08904513
GBR,GRC,0.37106025,0.33650842
GBR,HRV,0.40302013999999997,0.39645278
GBR,HUN,0.17933083000000005,0.23712225
GBR,IDN,0.0004962099999999969,0.05394518
GBR,IND,0.23106652000000005,0.17596045
GBR,ISR,0.25100887000000005,0.27522108
GBR,ITA,0.3291986,0.37196285
GBR,JAM,0.029148399999999963,0.049810443
GBR,JPN,0.06167674000000001,0.27452189
GBR,KAZ,0.13677859000000003,0.14896487
GBR,KOR,0.14047027,0.18100347
GBR,LBN,0.15543127,0.20395809
GBR,LTU,0.27246523,0.22687544
GBR,MAR,0.08718663000000004,0.13309416
GBR,MCO,0.29058516,0.4198128
GBR,MDA,0.20958573000000003,0.26524922
GBR,MEX,0.25302237000000005,0.40436414
GBR,NLD,0.48542041,0.50139606
GBR,NOR,0.46505969999999996,0.35684308
GBR,NZL,0.62645039,0.66638535
GBR,PAK,0.31663655999999996,0.22264028
GBR,PER,0.20683461000000003,0.35009372
GBR,PHL,0.22277473999999997,0.26507139
GBR,POL,0.31173569,0.32680425
GBR,PRT,0.32481414,0.50261873
GBR,ROU,0.33131552,0.42621276
GBR,RUS,0.18922930999999998,0.1854151
GBR,SLV,0.23851131999999997,0.40310991
GBR,SRB,0.23597579999999996,0.037641585
GBR,SVK,0.25478464,0.23837507
GBR,SVN,0.3902896,0.35523376
GBR,SWE,0.46137315,0.52887321
GBR,THA,0.12774211000000002,0.16586317
GBR,TUN,0.09141624000000004,0.15101935
GBR,TWN,0.001088679999999953,0.0083114067
GBR,UKR,0.20895642000000003,0.18516842
GBR,URY,0.33170688000000004,0.46864045
GBR,USA,0.62949178,0.69089741
GBR,UZB,0.059163990000000055,0.054304536
GBR,VEN,0.23403465999999995,0.39607847
GBR,ZAF,0.16640496000000005,0.17659013
GEO,GEO,1.0,1.0
GEO,GRC,0.08749985999999998,0.066622883
GEO,HRV,0.13461303999999996,0.15107158
GEO,HUN,0.030813749999999973,0.063565902
GEO,IDN,0.00023472000000002158,0.020177854
GEO,IND,0.06138312999999995,0.036623172
GEO,ISR,0.046651659999999984,0.057638261
GEO,ITA,0.07105839000000003,0.071741834
GEO,JAM,0.006128669999999947,0.0061017182
GEO,JPN,0.006618259999999987,0.053227212
GEO,KAZ,0.19369738999999997,0.21136211
GEO,KOR,0.014853059999999974,0.028729584
GEO,LBN,0.02198224999999998,0.035514083
GEO,LTU,0.21356946,0.17752698
GEO,MAR,0.013011749999999989,0.026443679
GEO,MCO,0.05697386999999998,0.075319044
GEO,MDA,0.18311697000000005,0.19590726
GEO,MEX,0.05242521,0.080360912
GEO,NLD,0.06789129999999999,0.079453669
GEO,NOR,0.07341218000000005,0.04700378
GEO,NZL,0.06959062999999999,0.081221491
GEO,PAK,0.07038032999999999,0.038542945
GEO,PER,0.04663455000000005,0.072769664
GEO,PHL,0.02343386000000003,0.03734611
GEO,POL,0.17853295999999996,0.17246196
GEO,PRT,0.05895019000000001,0.093718447
GEO,ROU,0.07713484999999998,0.095471047
GEO,RUS,0.31450248000000003,0.33063465
GEO,SLV,0.05357825999999999,0.083689809
GEO,SRB,0.19195169,0.050420471
GEO,SVK,0.18118524999999996,0.17152564
GEO,SVN,0.15312093000000004,0.16280006
GEO,SWE,0.07080310999999995,0.085057907
GEO,THA,0.013590690000000016,0.027377812
GEO,TUN,0.014571730000000005,0.030565344
GEO,TWN,3.24800000000014e-05,0.0051475251
GEO,UKR,0.31890172000000006,0.29534164
GEO,URY,0.060699640000000055,0.086197101
GEO,USA,0.07291203999999996,0.088072263
GEO,UZB,0.11182570000000003,0.11023798
GEO,VEN,0.05283117000000004,0.082448006
GEO,ZAF,0.021183669999999988,0.032948911
GRC,GRC,1.0,1.0
GRC,HRV,0.28057325,0.22034678
GRC,HUN,0.11511207000000001,0.1319351
GRC,IDN,0.000320969999999976,0.037486013
GRC,IND,0.19516772000000004,0.099841706
GRC,ISR,0.15921377999999997,0.14298613
GRC,ITA,0.23930441999999996,0.20535818
GRC,JAM,0.02037184999999997,0.025619656
GRC,JPN,0.037138400000000016,0.14526533
GRC,KAZ,0.13698858000000003,0.09828642
GRC,KOR,0.08439260999999998,0.095291756
GRC,LBN,0.09797697999999999,0.10791143
GRC,LTU,0.24768447999999998,0.13299026
GRC,MAR,0.054644580000000054,0.072101586
GRC,MCO,0.18960184000000002,0.22121955
GRC,MDA,0.21199632000000002,0.16243638
GRC,MEX,0.16473693,0.20612234
GRC,NLD,0.31646842,0.26129594
GRC,NOR,0.31147634999999996,0.17898548
GRC,NZL,0.38052315000000003,0.33356029
GRC,PAK,0.24485981,0.11956529
GRC,PER,0.13653970000000004,0.17899039
GRC,PHL,0.13394028000000002,0.13777903
GRC,POL,0.25389689000000004,0.18494506
GRC,PRT,0.20972669,0.26477322
GRC,ROU,0.25096852000000003,0.23213345
GRC,RUS,0.20600194000000005,0.12620944
GRC,SLV,0.15730685,0.20598327
GRC,SRB,0.20916051000000002,0.024486724
GRC,SVK,0.22456151000000002,0.14082156
GRC,SVN,0.27494054999999995,0.19933268
GRC,SWE,0.30755246,0.27397558
GRC,THA,0.07677758000000001,0.090520792
GRC,TUN,0.05736255999999995,0.081889428
GRC,TWN,0.0010256199999999493,0.008196543
GRC,UKR,0.22549838,0.12489962
GRC,URY,0.21453111999999996,0.24033593
GRC,USA,0.38241494,0.34550858
GRC,UZB,0.06893563000000003,0.039032575
GRC,VEN,0.15457891999999995,0.20260248
GRC,ZAF,0.10587800000000003,0.095302179
HRV,HRV,1.0,1.0
HRV,HUN,0.12998228999999994,0.18654624
HRV,IDN,0.00034588999999995984,0.042157654
HRV,IND,0.19741821000000004,0.11366156
HRV,ISR,0.34441054000000004,0.1756776
HRV,ITA,0.30089657999999997,0.26618636
HRV,JAM,0.021525029999999945,0.029904747
HRV,JPN,0.035997990000000035,0.17443262
HRV,KAZ,0.20517653000000002,0.22221671
HRV,KOR,0.07985609999999999,0.10936805
HRV,LBN,0.33050293,0.12238315
HRV,LTU,0.32897770000000004,0.24851085
HRV,MAR,0.29437798000000004,0.081414722
HRV,MCO,0.37542522,0.26179618
HRV,MDA,0.26415151000000003,0.28054097
HRV,MEX,0.38214314000000005,0.24941398
HRV,NLD,0.35325949999999995,0.35046604
HRV,NOR,0.30810845,0.21082401
HRV,NZL,0.36878025999999997,0.38747251
HRV,PAK,0.28534347000000004,0.13681956
HRV,PER,0.34667437999999995,0.21754245
HRV,PHL,0.12704062000000005,0.15855227
HRV,POL,0.35300052000000004,0.32902101
HRV,PRT,0.39615023000000005,0.31325385
HRV,ROU,0.26972770999999995,0.29130366
HRV,RUS,0.32271147,0.32472545
HRV,SLV,0.39876634,0.25055853
HRV,SRB,0.40967065,0.060607448
HRV,SVK,0.33146113,0.31087729
HRV,SVN,0.47339368000000004,0.44178548
HRV,SWE,0.32245827000000005,0.35521922
HRV,THA,0.07388150999999998,0.10187058
HRV,TUN,0.32849246,0.092371315
HRV,TWN,0.00017177999999995475,0.0075943279
HRV,UKR,0.35501307000000004,0.3145287
HRV,URY,0.39975196,0.28863931
HRV,USA,0.40288400999999996,0.4021906
HRV,UZB,0.10616915999999998,0.10435522
HRV,VEN,0.39321244,0.24629301
HRV,ZAF,0.10286635,0.11524816
HUN,HUN,1.0,1.0
HUN,IDN,9.53099999999596e-05,0.026758678
HUN,IND,0.07004308999999997,0.070347033
HUN,ISR,0.07892549000000004,0.10449309
HUN,ITA,0.09495025999999995,0.14361209
HUN,JAM,0.008424940000000047,0.01667312
HUN,JPN,0.018763780000000008,0.11245958
HUN,KAZ,0.053209300000000015,0.09370961
HUN,KOR,0.04188608999999999,0.069982201
HUN,LBN,0.04615729999999996,0.075697489
HUN,LTU,0.09908801,0.1143574
HUN,MAR,0.026074170000000008,0.050258096
HUN,MCO,0.07229989999999997,0.14915964
HUN,MDA,0.07331829999999995,0.13307081
HUN,MEX,0.06551147000000002,0.14519247
HUN,NLD,0.16054201,0.20509638
HUN,NOR,0.14339237999999999,0.12606809
HUN,NZL,0.18617362000000004,0.23365526
HUN,PAK,0.09386592999999999,0.084359422
HUN,PER,0.05219041999999996,0.12617554
HUN,PHL,0.06584018000000003,0.099013314
HUN,POL,0.10972053000000004,0.1597331
HUN,PRT,0.08789902999999999,0.18327466
HUN,ROU,0.12758272999999998,0.19559829
HUN,RUS,0.07864296000000004,0.12094976
HUN,SLV,0.060283060000000055,0.14533398
HUN,SRB,0.08689206999999999,0.036197845
HUN,SVK,0.12064253999999996,0.15883534
HUN,SVN,0.12556994,0.17439325
HUN,SWE,0.14732641000000002,0.21152632
HUN,THA,0.03769654,0.061932247
HUN,TUN,0.026388999999999996,0.056810662
HUN,TWN,0.001444639999999997,0.0076041361
HUN,UKR,0.08542406999999996,0.12274284
HUN,URY,0.09058403999999998,0.16824076
HUN,USA,0.18528765000000003,0.24141486
HUN,UZB,0.02466016999999998,0.038834482
HUN,VEN,0.05912083000000001,0.14282404
HUN,ZAF,0.050883710000000026,0.07089553
IDN,IDN,1.0,1.0
IDN,IND,0.0006061800000000117,0.037812147
IDN,ISR,0.0007584099999999871,0.027470777
IDN,ITA,0.000529349999999984,0.04225909
IDN,JAM,0.0074865800000000204,0.006348432
IDN,JPN,0.0013521899999999754,0.039645679
IDN,KAZ,0.0003392700000000026,0.027867278
IDN,KOR,0.0002497999999999667,0.023458512
IDN,LBN,0.0008435799999999549,0.027660614
IDN,LTU,0.0011283199999999605,0.030043626
IDN,MAR,0.0004542499999999894,0.021344909
IDN,MCO,7.312999999997682e-05,0.0432452
IDN,MDA,0.0013134500000000493,0.036290683
IDN,MEX,6.687999999999139e-05,0.043280706
IDN,NLD,0.000986869999999973,0.047108021
IDN,NOR,0.0010035600000000144,0.027844097
IDN,NZL,0.01608443000000004,0.053572342
IDN,PAK,0.0003045200000000303,0.031312738
IDN,PER,7.617000000004204e-05,0.038722761
IDN,PHL,0.22773242000000005,0.040184867
IDN,POL,0.0012633800000000361,0.03681577
IDN,PRT,0.0001415000000000166,0.052120607
IDN,ROU,0.0011529900000000204,0.043429513
IDN,RUS,0.0005480599999999614,0.033874191
IDN,SLV,6.74699999999584e-05,0.044543501
IDN,SRB,0.0004981800000000147,0.0062662265
IDN,SVK,0.001369480000000034,0.029850217
IDN,SVN,0.00040960000000000996,0.038199216
IDN,SWE,0.00025945999999998914,0.045481153
IDN,THA,0.008372190000000002,0.025991712
IDN,TUN,0.0004834500000000519,0.024517022
IDN,TWN,0.011686439999999965,0.010418825
IDN,UKR,0.0006032599999999944,0.030032581
IDN,URY,9.53099999999596e-05,0.047044918
IDN,USA,0.002212349999999974,0.054785803
IDN,UZB,0.00018351999999999258,0.011627261
IDN,VEN,6.764999999997467e-05,0.043815657
IDN,ZAF,8.637000000000228e-05,0.023712434
IND,IND,1.0,1.0
IND,ISR,0.09587555999999997,0.077970289
IND,ITA,0.16120767999999996,0.10023082
IND,JAM,0.025020420000000043,0.025470123
IND,JPN,0.022177820000000015,0.089522392
IND,KAZ,0.09183657,0.056213297
IND,KOR,0.04934269000000002,0.057416838
IND,LBN,0.06354749000000004,0.059082139
IND,LTU,0.16446930000000004,0.06896928
IND,MAR,0.03695404999999996,0.040251914
IND,MCO,0.14724201000000003,0.10194405
IND,MDA,0.14750648,0.078244038
IND,MEX,0.14296317000000003,0.10061308
IND,NLD,0.19431520000000002,0.13438237
IND,NOR,0.19531721000000002,0.094815284
IND,NZL,0.23361790000000004,0.18300405
IND,PAK,0.36505073,0.13591014
IND,PER,0.12480705999999997,0.08658313
IND,PHL,0.0782522,0.07516364
IND,POL,0.16569972,0.09596359
IND,PRT,0.16440891999999996,0.13232502
IND,ROU,0.16581625,0.11233675
IND,RUS,0.14009452,0.066982888
IND,SLV,0.14352273999999998,0.099709362
IND,SRB,0.17537760999999996,0.012443986
IND,SVK,0.15172576999999998,0.074596718
IND,SVN,0.20086824999999997,0.10548024
IND,SWE,0.19227408999999995,0.14393397
IND,THA,0.04599487999999996,0.064733312
IND,TUN,0.04020774000000005,0.044701081
IND,TWN,0.0017750300000000108,0.0061562564
IND,UKR,0.15389913,0.068124764
IND,URY,0.16556698000000003,0.11860746
IND,USA,0.23402292000000002,0.18278809
IND,UZB,0.05158841999999997,0.022212438
IND,VEN,0.14104956000000002,0.098020703
IND,ZAF,0.06570303,0.055986278
ISR,ISR,1.0,1.0
ISR,ITA,0.12769365,0.15025871
ISR,JAM,0.020383779999999962,0.021850605
ISR,JPN,0.025966409999999995,0.11895954
ISR,KAZ,0.07820302000000001,0.08985763
ISR,KOR,0.059535980000000044,0.07766445
ISR,LBN,0.34466140999999995,0.13794424
ISR,LTU,0.13323759999999996,0.1134771
ISR,MAR,0.32783765,0.082655661
ISR,MCO,0.09328948999999997,0.16090524
ISR,MDA,0.10006022000000003,0.12440702
ISR,MEX,0.08293974000000004,0.15414678
ISR,NLD,0.20628333,0.20613034
ISR,NOR,0.20337713000000002,0.1494929
ISR,NZL,0.26636684,0.27857307
ISR,PAK,0.12917601999999995,0.096594349
ISR,PER,0.06429631000000002,0.13205723
ISR,PHL,0.09479892000000001,0.11278635
ISR,POL,0.14606816,0.15274642
ISR,PRT,0.11661880999999996,0.19660489
ISR,ROU,0.12975382999999996,0.17321329
ISR,RUS,0.11364257,0.11770319
ISR,SLV,0.07433522000000004,0.15210754
ISR,SRB,0.35245477999999997,0.021258604
ISR,SVK,0.12265055999999996,0.11788722
ISR,SVN,0.39593409999999996,0.16211139
ISR,SWE,0.19565874000000005,0.21997957
ISR,THA,0.053886650000000036,0.070901461
ISR,TUN,0.34475564999999997,0.092100844
ISR,TWN,0.0011248000000000369,0.0044899611
ISR,UKR,0.1224556,0.11319836
ISR,URY,0.12014705000000003,0.18314299
ISR,USA,0.26527535999999996,0.28657842
ISR,UZB,0.03656411000000004,0.036654398
ISR,VEN,0.07464039,0.14976436
ISR,ZAF,0.07040071000000003,0.076125205
ITA,ITA,1.0,1.0
ITA,JAM,0.016623909999999964,0.026959008
ITA,JPN,0.027221139999999977,0.15176512
ITA,KAZ,0.10858601000000001,0.10550182
ITA,KOR,0.05922008000000001,0.09905035
ITA,LBN,0.12886982999999996,0.13789538
ITA,LTU,0.19915998000000001,0.14486361
ITA,MAR,0.09729409,0.10303474
ITA,MCO,0.48104899999999995,0.39630553
ITA,MDA,0.32786565999999995,0.24258047
ITA,MEX,0.41757435,0.36821026
ITA,NLD,0.25636840000000005,0.28214619
ITA,NOR,0.23793894000000004,0.18281743
ITA,NZL,0.2760433,0.33624929
ITA,PAK,0.20888954000000004,0.11749439
ITA,PER,0.38607365000000005,0.33481947
ITA,PHL,0.09527361000000001,0.14797029
ITA,POL,0.20401579000000003,0.20548409
ITA,PRT,0.41574764,0.41665545
ITA,ROU,0.40372151,0.3432039
ITA,RUS,0.16696137,0.13848005
ITA,SLV,0.4436664,0.38498831
ITA,SRB,0.23473858999999997,0.031222224
ITA,SVK,0.18224554999999998,0.15232643
ITA,SVN,0.26399022000000005,0.21378638
ITA,SWE,0.24682033000000003,0.28379884
ITA,THA,0.05575364999999999,0.08986263
ITA,TUN,0.11742430999999998,0.12203158
ITA,TWN,0.0012777400000000272,0.0072264294
ITA,UKR,0.18354958,0.13720116
ITA,URY,0.42197186,0.3865687
ITA,USA,0.32114136000000004,0.37227029
ITA,UZB,0.05598104000000004,0.043071911
ITA,VEN,0.43623113999999996,0.37864572
ITA,ZAF,0.07727711999999998,0.096972883
JAM,JAM,1.0,1.0
JAM,JPN,0.003148139999999966,0.025815202
JAM,KAZ,0.009787499999999949,0.011545195
JAM,KOR,0.006523009999999996,0.014410182
JAM,LBN,0.012153980000000009,0.018337669
JAM,LTU,0.01521307000000005,0.017218634
JAM,MAR,0.007888499999999965,0.010285692
JAM,MCO,0.012097119999999961,0.030878678
JAM,MDA,0.012392940000000019,0.01855105
JAM,MEX,0.012585999999999986,0.022994531
JAM,NLD,0.029056850000000023,0.037731104
JAM,NOR,0.024344860000000024,0.026915964
JAM,NZL,0.03063399,0.050832521
JAM,PAK,0.03698051000000002,0.021228917
JAM,PER,0.010484579999999966,0.019188654
JAM,PHL,0.010886909999999972,0.019350111
JAM,POL,0.01638150000000005,0.024095528
JAM,PRT,0.016552330000000004,0.032788638
JAM,ROU,0.016712130000000047,0.030423176
JAM,RUS,0.012663250000000015,0.013619395
JAM,SLV,0.01202046999999995,0.022118624
JAM,SRB,0.01595378000000003,0.0027191313
JAM,SVK,0.014135239999999993,0.018424604
JAM,SVN,0.021656690000000034,0.027387669
JAM,SWE,0.02301162000000001,0.038842462
JAM,THA,0.006201030000000052,0.013595182
JAM,TUN,0.008152599999999954,0.011720484
JAM,TWN,0.016761479999999995,0.0034634543
JAM,UKR,0.01287830000000001,0.013516225
JAM,URY,0.01616751999999999,0.028923469
JAM,USA,0.03227126999999996,0.051188286
JAM,UZB,0.025928260000000036,0.0041912193
JAM,VEN,0.011826219999999998,0.021757729
JAM,ZAF,0.008075889999999974,0.014524037
JPN,JPN,1.0,1.0
JPN,KAZ,0.01294518,0.078486376
JPN,KOR,0.020579279999999978,0.19125351
JPN,LBN,0.013626400000000038,0.081568755
JPN,LTU,0.026081319999999963,0.10744487
JPN,MAR,0.006493810000000044,0.051486377
JPN,MCO,0.017415109999999956,0.14886265
JPN,MDA,0.01663994999999996,0.10540766
JPN,MEX,0.016934279999999968,0.13077465
JPN,NLD,0.04891467000000005,0.21383899
JPN,NOR,0.04838931999999996,0.15113863
JPN,NZL,0.07067363999999998,0.29158032
JPN,PAK,0.03009002999999999,0.10153629
JPN,PER,0.012088180000000004,0.10925619
JPN,PHL,0.025933439999999974,0.11697257
JPN,POL,0.030298889999999967,0.14641432
JPN,PRT,0.025287089999999957,0.18222117
JPN,ROU,0.02896863000000005,0.16307636
JPN,RUS,0.01740604999999995,0.095383115
JPN,SLV,0.013974909999999952,0.12574382
JPN,SRB,0.01660085,0.017855242
JPN,SVK,0.024232209999999976,0.1122039
JPN,SVN,0.03402548999999999,0.1587425
JPN,SWE,0.04713803999999999,0.22634706
JPN,THA,0.014265419999999973,0.082133532
JPN,TUN,0.005959990000000026,0.056930907
JPN,TWN,0.004307390000000022,0.15619038
JPN,UKR,0.019187929999999964,0.092570856
JPN,URY,0.02622007999999998,0.16369608
JPN,USA,0.06662022999999995,0.28885761
JPN,UZB,0.005314649999999976,0.030034833
JPN,VEN,0.013691310000000012,0.12356295
JPN,ZAF,0.01747262000000005,0.089177907
KAZ,KAZ,1.0,1.0
KAZ,KOR,0.030588089999999957,0.048180159
KAZ,LBN,0.03757566000000001,0.05376254
KAZ,LTU,0.30996495,0.25007218
KAZ,MAR,0.020470019999999978,0.03816421
KAZ,MCO,0.08238416999999998,0.10930097
KAZ,MDA,0.26144129000000005,0.2707105
KAZ,MEX,0.07630842999999998,0.11220463
KAZ,NLD,0.12153596,0.12945253
KAZ,NOR,0.12803560000000003,0.080288835
KAZ,NZL,0.13465636999999997,0.14147064
KAZ,PAK,0.10970849000000005,0.061906781
KAZ,PER,0.06582927999999999,0.099938408
KAZ,PHL,0.04621713999999999,0.061110198
KAZ,POL,0.26495062999999996,0.24451673
KAZ,PRT,0.09081709000000004,0.13555968
KAZ,ROU,0.11671275000000003,0.13676117
KAZ,RUS,0.45938593000000005,0.46585411
KAZ,SLV,0.07575940999999997,0.11498948
KAZ,SRB,0.27300625999999995,0.070538722
KAZ,SVK,0.26512212,0.24308409
KAZ,SVN,0.22987968000000003,0.23685066
KAZ,SWE,0.12393038999999995,0.1380699
KAZ,THA,0.02666968000000003,0.042392131
KAZ,TUN,0.02192324000000001,0.043397345
KAZ,TWN,0.001593230000000001,0.0073946295
KAZ,UKR,0.4562043,0.41365382
KAZ,URY,0.09390253000000004,0.12506457
KAZ,USA,0.13793277999999998,0.14961526
KAZ,UZB,0.25131649,0.17410865
KAZ,VEN,0.07466561000000005,0.11324857
KAZ,ZAF,0.039176639999999985,0.050392359
KOR,KOR,1.0,1.0
KOR,LBN,0.030530150000000034,0.053772103
KOR,LTU,0.05917083999999995,0.065036245
KOR,MAR,0.014109609999999995,0.034041647
KOR,MCO,0.03549515999999997,0.097428635
KOR,MDA,0.03610062999999997,0.068012953
KOR,MEX,0.03189801999999997,0.090611517
KOR,NLD,0.11187093999999997,0.13530019
KOR,NOR,0.11121559000000003,0.099960767
KOR,NZL,0.15764648000000003,0.19250698
KOR,PAK,0.06693727000000005,0.06497252
KOR,PER,0.021625820000000018,0.076275185
KOR,PHL,0.05524247999999998,0.076435946
KOR,POL,0.06888061999999995,0.09009923
KOR,PRT,0.052632330000000005,0.12159327
KOR,ROU,0.06416129999999998,0.10882227
KOR,RUS,0.039171040000000046,0.055759557
KOR,SLV,0.025074719999999995,0.087819345
KOR,SRB,0.03421580999999996,0.010500064
KOR,SVK,0.055039700000000025,0.068955325
KOR,SVN,0.07494705999999995,0.099174522
KOR,SWE,0.10800052000000004,0.14636947
KOR,THA,0.03262412999999997,0.055769585
KOR,TUN,0.012659610000000043,0.037586663
KOR,TWN,0.0028498799999999713,0.048032764
KOR,UKR,0.04327177999999998,0.055379584
KOR,URY,0.054737449999999965,0.11158752
KOR,USA,0.15215975000000004,0.19234698
KOR,UZB,0.015888750000000007,0.020828906
KOR,VEN,0.02453654999999999,0.08628916
KOR,ZAF,0.04015886999999996,0.055847891
LBN,LBN,1.0,1.0
LBN,LTU,0.07012463000000002,0.071369641
LBN,MAR,0.43740773,0.14698988
LBN,MCO,0.16360885000000003,0.18488875
LBN,MDA,0.08163058999999995,0.10672269
LBN,MEX,0.11383396000000001,0.15837707
LBN,NLD,0.12414616,0.14841749
LBN,NOR,0.11644924000000001,0.10371801
LBN,NZL,0.14104395999999997,0.18915242
LBN,PAK,0.09038389000000002,0.072438002
LBN,PER,0.10151761999999998,0.14141777
LBN,PHL,0.04924702999999997,0.07953243
LBN,POL,0.07755016999999997,0.10062069
LBN,PRT,0.13484364999999998,0.19326627
LBN,ROU,0.11195414999999997,0.15719797
LBN,RUS,0.052745280000000005,0.063957088
LBN,SLV,0.11686832000000003,0.16274677
LBN,SRB,0.38976485000000005,0.015393423
LBN,SVK,0.06584190999999995,0.075077511
LBN,SVN,0.39532053,0.1077343
LBN,SWE,0.11413686999999995,0.15267949
LBN,THA,0.028429990000000016,0.050397646
LBN,TUN,0.47211242,0.16861156
LBN,TWN,0.0012017500000000014,0.0045448132
LBN,UKR,0.058339180000000046,0.063264355
LBN,URY,0.12542993000000002,0.17135747
LBN,USA,0.15073872,0.20254524
LBN,UZB,0.01924621999999998,0.020289982
LBN,VEN,0.11728090000000002,0.16138393
LBN,ZAF,0.037303509999999984,0.052779403
LTU,LTU,1.0,1.0
LTU,MAR,0.03895824999999997,0.048234213
LTU,MCO,0.15166645999999995,0.15188529
LTU,MDA,0.46166348,0.25234962
LTU,MEX,0.13777488000000004,0.14883476
LTU,NLD,0.24434029999999995,0.19595511
LTU,NOR,0.24566047999999996,0.12304262
LTU,NZL,0.27005428,0.21923846
LTU,PAK,0.21208435000000003,0.081303626
LTU,PER,0.11714475999999996,0.13058491
LTU,PHL,0.09355760000000002,0.089968137
LTU,POL,0.40190857999999996,0.28589547
LTU,PRT,0.16820449000000004,0.18611404
LTU,ROU,0.34410995,0.17616665
LTU,RUS,0.5030397799999999,0.38610217
LTU,SLV,0.13494991999999995,0.15034628
LTU,SRB,0.37275738,0.060655586
LTU,SVK,0.38020604999999996,0.24458021
LTU,SVN,0.35602694999999995,0.25601664
LTU,SWE,0.24071175,0.20406321
LTU,THA,0.0538497,0.05950854
LTU,TUN,0.04126065999999995,0.054977626
LTU,TWN,0.0001272599999999624,0.0065358812
LTU,UKR,0.53052303,0.35581368
LTU,URY,0.17263143999999997,0.17046054
LTU,USA,0.27418613000000003,0.22881232
LTU,UZB,0.16784948,0.12650731
LTU,VEN,0.13279122,0.14793421
LTU,ZAF,0.07790852000000004,0.068680935
MAR,MAR,1.0,1.0
MAR,MCO,0.13804793000000004,0.1445525
MAR,MDA,0.060392320000000055,0.082127191
MAR,MEX,0.10180771,0.13000216
MAR,NLD,0.07055014000000004,0.098835796
MAR,NOR,0.06293647999999996,0.064014323
MAR,NZL,0.06820660999999995,0.1166554
MAR,PAK,0.05590457000000004,0.04811085
MAR,PER,0.09420388999999996,0.1183559
MAR,PHL,0.02255594999999999,0.050864652
MAR,POL,0.04232263999999997,0.067281783
MAR,PRT,0.10808222999999995,0.1473712
MAR,ROU,0.07793647000000004,0.11534325
MAR,RUS,0.030840280000000053,0.045897368
MAR,SLV,0.10836703000000003,0.13607834
MAR,SRB,0.37543976,0.011177152
MAR,SVK,0.0370819,0.05082665
MAR,SVN,0.36267119999999997,0.070850298
MAR,SWE,0.06173211000000001,0.095984563
MAR,THA,0.013558150000000047,0.032489032
MAR,TUN,0.48478615,0.15018575
MAR,TWN,0.001178149999999989,0.0036623639
MAR,UKR,0.03431200999999995,0.045210741
MAR,URY,0.10185087000000004,0.13377388
MAR,USA,0.08014600999999999,0.12942138
MAR,UZB,0.01005297999999999,0.014936836
MAR,VEN,0.10884373999999997,0.13380039
MAR,ZAF,0.018068850000000025,0.033762567
MCO,MCO,1.0,1.0
MCO,MDA,0.28644495999999997,0.292808
MCO,MEX,0.50537622,0.45036992
MCO,NLD,0.20380889999999996,0.30250204
MCO,NOR,0.16771804999999995,0.19045818
MCO,NZL,0.17810988000000005,0.34492132
MCO,PAK,0.22576302000000004,0.11991844
MCO,PER,0.47657591,0.41343504
MCO,PHL,0.057398740000000004,0.15052424
MCO,POL,0.15654259999999998,0.21429564
MCO,PRT,0.5162777000000001,0.52575046
MCO,ROU,0.36845326,0.40645465
MCO,RUS,0.13154160999999998,0.14550717
MCO,SLV,0.5473963,0.4752523
MCO,SRB,0.40619766999999996,0.038393654
MCO,SVK,0.14422714999999997,0.15774941
MCO,SVN,0.3920182,0.21999392
MCO,SWE,0.18889206999999997,0.29368445
MCO,THA,0.03629822000000005,0.092373207
MCO,TUN,0.18264806,0.18225572
MCO,TWN,7.617000000004204e-05,0.008039915
MCO,UKR,0.14268064000000003,0.14284924
MCO,URY,0.47739226,0.45588547
MCO,USA,0.23891806999999998,0.39245039
MCO,UZB,0.04425573000000005,0.044976793
MCO,VEN,0.53832898,0.46750364
MCO,ZAF,0.049614550000000035,0.096867733
MDA,MDA,1.0,1.0
MDA,MEX,0.26745920999999995,0.29933259
MDA,NLD,0.17675823000000002,0.20799033
MDA,NOR,0.17950642000000006,0.12768294
MDA,NZL,0.17173052,0.2254554
MDA,PAK,0.18791979999999997,0.086651884
MDA,PER,0.24784994000000005,0.27514672
MDA,PHL,0.057502390000000014,0.10009282
MDA,POL,0.29197216000000004,0.28075045
MDA,PRT,0.26587092999999995,0.34189278
MDA,ROU,0.46976459000000004,0.4874396
MDA,RUS,0.4241783,0.41693702
MDA,SLV,0.28474706000000005,0.31628761
MDA,SRB,0.31190699,0.071145818
MDA,SVK,0.28885775999999996,0.25352788
MDA,SVN,0.26689082,0.27590278
MDA,SWE,0.17935060999999997,0.21021229
MDA,THA,0.03388791999999996,0.066586897
MDA,TUN,0.07228427999999998,0.099671818
MDA,TWN,7.796000000004355e-05,0.0078946007
MDA,UKR,0.44617301,0.39376098
MDA,URY,0.27030849,0.30318412
MDA,USA,0.20026559,0.25714812
MDA,UZB,0.14870536,0.13722792
MDA,VEN,0.28021978999999997,0.3113693
MDA,ZAF,0.052076279999999975,0.071492516
MEX,MEX,1.0,1.0
MEX,NLD,0.17479467000000004,0.27854627
MEX,NOR,0.15124917000000004,0.18143456
MEX,NZL,0.16205901,0.32974881
MEX,PAK,0.22692990000000002,0.11544807
MEX,PER,0.7840586,0.79435819
MEX,PHL,0.05252992999999995,0.15876739
MEX,POL,0.14193051999999995,0.20670678
MEX,PRT,0.58924866,0.63312924
MEX,ROU,0.33232301,0.40125769
MEX,RUS,0.12143219000000005,0.14941365
MEX,SLV,0.900353469,0.91253656
MEX,SRB,0.42685746999999996,0.035701975
MEX,SVK,0.13108401999999997,0.15373169
MEX,SVN,0.40949804,0.20746362
MEX,SWE,0.17189306000000004,0.28034297
MEX,THA,0.03157805999999996,0.088269137
MEX,TUN,0.11978126,0.1494406
MEX,TWN,0.00018596999999997976,0.0080284867
MEX,UKR,0.13240766999999998,0.14600191
MEX,URY,0.74273509,0.78619003
MEX,USA,0.27383226000000005,0.43975583
MEX,UZB,0.04119419999999996,0.046501268
MEX,VEN,0.88436341,0.89608401
MEX,ZAF,0.04511516999999998,0.093246959
NLD,NLD,1.0,1.0
NLD,NOR,0.39930761000000004,0.2653372
NLD,NZL,0.50285801,0.49603325
NLD,PAK,0.25837027999999995,0.16764438
NLD,PER,0.13896143000000005,0.23922983
NLD,PHL,0.17763417999999997,0.1978016
NLD,POL,0.28327698,0.28573227
NLD,PRT,0.23793529999999996,0.36405689
NLD,ROU,0.26572764000000004,0.31916791
NLD,RUS,0.17126523999999999,0.16638672
NLD,SLV,0.1605742,0.27577949
NLD,SRB,0.18805510000000003,0.031631604
NLD,SVK,0.23745941999999998,0.21853532
NLD,SVN,0.33799356,0.31649706
NLD,SWE,0.41393596,0.47037259
NLD,THA,0.10175765000000003,0.12586156
NLD,TUN,0.0713895,0.1089069
NLD,TWN,0.0014632300000000376,0.0072703557
NLD,UKR,0.18765741999999996,0.1652406
NLD,URY,0.24264956000000004,0.33097678
NLD,USA,0.49804503,0.5075919
NLD,UZB,0.05523794999999998,0.049836993
NLD,VEN,0.15738171,0.27079207
NLD,ZAF,0.15923964999999995,0.15086065
NOR,NOR,1.0,1.0
NOR,NZL,0.49400908,0.36609945
NOR,PAK,0.25599735999999995,0.12191086
NOR,PER,0.11669523000000004,0.15312392
NOR,PHL,0.17644875999999998,0.14456683
NOR,POL,0.27248329000000004,0.17698303
NOR,PRT,0.21332109,0.23948608
NOR,ROU,0.25401735000000003,0.21061291
NOR,RUS,0.18264477999999995,0.099483036
NOR,SLV,0.13481927000000005,0.17643346
NOR,SRB,0.17926710999999995,0.019636648
NOR,SVK,0.22850221000000004,0.12804429
NOR,SVN,0.29638851,0.19087793
NOR,SWE,0.47592621999999996,0.286461
NOR,THA,0.10162645999999997,0.091306694
NOR,TUN,0.06176530999999996,0.070288986
NOR,TWN,0.0013476599999999728,0.0047484878
NOR,UKR,0.20190585000000005,0.10055782
NOR,URY,0.22005785,0.22196314
NOR,USA,0.48845536,0.37362063
NOR,UZB,0.05888397000000001,0.02905814
NOR,VEN,0.13226253,0.17335123
NOR,ZAF,0.13691723,0.096027702
NZL,NZL,1.0,1.0
NZL,PAK,0.31279676999999995,0.22936407
NZL,PER,0.11612051999999995,0.27705371
NZL,PHL,0.25557417000000004,0.27258489
NZL,POL,0.31247789000000004,0.31536192
NZL,PRT,0.25141901,0.43841672
NZL,ROU,0.29537040000000003,0.38557428
NZL,RUS,0.18121516999999998,0.17178132
NZL,SLV,0.13435352,0.31922576
NZL,SRB,0.17137234999999995,0.032931674
NZL,SVK,0.25113660000000004,0.2297214
NZL,SVN,0.34884596,0.34939903
NZL,SWE,0.48160875000000003,0.53253084
NZL,THA,0.14017617999999998,0.17086576
NZL,TUN,0.06318873000000003,0.12806095
NZL,TWN,0.021311039999999948,0.01837438
NZL,UKR,0.20063001000000003,0.17162715
NZL,URY,0.26094185999999997,0.40702128
NZL,USA,0.66709471,0.6995635
NZL,UZB,0.055639389999999955,0.049586549
NZL,VEN,0.13159841000000005,0.31358427
NZL,ZAF,0.17925000000000002,0.18077663
PAK,PAK,1.0,1.0
PAK,PER,0.20084058999999999,0.097887211
PAK,PHL,0.10613178999999995,0.092394404
PAK,POL,0.20640218,0.11449017
PAK,PRT,0.25062019,0.15472583
PAK,ROU,0.22756814999999997,0.13421419
PAK,RUS,0.16539948999999998,0.072297677
PAK,SLV,0.23107087999999998,0.11277228
PAK,SRB,0.25819563999999995,0.013445484
PAK,SVK,0.18533033,0.086399265
PAK,SVN,0.29807722999999997,0.12535915
PAK,SWE,0.25335997,0.18127009
PAK,THA,0.06172900999999997,0.067447767
PAK,TUN,0.062122760000000055,0.053204358
PAK,TWN,0.00034672000000002257,0.0057277926
PAK,UKR,0.18138611000000004,0.072583713
PAK,URY,0.25228357,0.1401677
PAK,USA,0.32175273000000004,0.23192666
PAK,UZB,0.059987780000000046,0.023461469
PAK,VEN,0.22712237000000002,0.11083275
PAK,ZAF,0.08637333000000003,0.064900935
PER,PER,1.0,1.0
PER,PHL,0.036298750000000046,0.13703273
PER,POL,0.11860347000000004,0.18068615
PER,PRT,0.5528959,0.58381647
PER,ROU,0.30284113,0.36373341
PER,RUS,0.10670977999999998,0.13407397
PER,SLV,0.85933521,0.8597337
PER,SRB,0.40155463999999996,0.032509826
PER,SVK,0.11179804999999998,0.13473168
PER,SVN,0.37425643,0.17940567
PER,SWE,0.13734095999999996,0.23872198
PER,THA,0.02230083999999999,0.075082704
PER,TUN,0.11184675,0.1364169
PER,TWN,0.00252730000000001,0.0074800286
PER,UKR,0.11616135000000005,0.13078848
PER,URY,0.7000477,0.73292911
PER,USA,0.22443002,0.38217428
PER,UZB,0.036584790000000034,0.041973554
PER,VEN,0.84411006,0.844226
PER,ZAF,0.032943550000000044,0.079249196
PHL,PHL,1.0,1.0
PHL,POL,0.10895907999999999,0.12930648
PHL,PRT,0.08471441000000002,0.19524936
PHL,ROU,0.10216367000000004,0.16343094
PHL,RUS,0.06153845999999996,0.073490545
PHL,SLV,0.042057220000000006,0.15778431
PHL,SRB,0.054972710000000036,0.014368027
PHL,SVK,0.08689188999999997,0.09570311
PHL,SVN,0.11933963999999997,0.1417318
PHL,SWE,0.17049484999999998,0.21079674
PHL,THA,0.05247210999999996,0.071129456
PHL,TUN,0.020312189999999952,0.05628486
PHL,TWN,0.009854970000000018,0.0096794534
PHL,UKR,0.06825082999999998,0.07394734
PHL,URY,0.08847052,0.18528135
PHL,USA,0.24031888999999995,0.28002822
PHL,UZB,0.01865028999999996,0.021854635
PHL,VEN,0.04116410000000004,0.15504026
PHL,ZAF,0.06352555999999998,0.074010462
POL,POL,1.0,1.0
POL,PRT,0.17778695,0.26081842
POL,ROU,0.21466379999999996,0.24352236
POL,RUS,0.42459970999999996,0.37023675
POL,SLV,0.13674301,0.20808144
POL,SRB,0.36197698,0.061983194
POL,SVK,0.42895585,0.3138167
POL,SVN,0.37841833,0.33217385
POL,SWE,0.27058636999999996,0.29453829
POL,THA,0.06259124999999999,0.084976494
POL,TUN,0.04404907999999996,0.076630391
POL,TWN,0.00014835999999995853,0.007084189
POL,UKR,0.46329646999999996,0.37625811
POL,URY,0.18353295000000003,0.23834458
POL,USA,0.31514198000000004,0.32816222
POL,UZB,0.14109713000000002,0.12025705
POL,VEN,0.13450205000000004,0.20474237
POL,ZAF,0.08893823999999995,0.095770225
PRT,PRT,1.0,1.0
PRT,ROU,0.34327847,0.46619675
PRT,RUS,0.13960266,0.17897904
PRT,SLV,0.63512623,0.67102104
PRT,SRB,0.4056803,0.042063642
PRT,SVK,0.15896940000000004,0.19324549
PRT,SVN,0.41810804999999995,0.26863909
PRT,SWE,0.22812968,0.36781427
PRT,THA,0.050368610000000036,0.11804194
PRT,TUN,0.13133854,0.17613769
PRT,TWN,0.0012484799999999963,0.0098842541
PRT,UKR,0.15300261999999998,0.17813766
PRT,URY,0.56060928,0.62835205
PRT,USA,0.32260859,0.50929391
PRT,UZB,0.04633909000000003,0.05509847
PRT,VEN,0.62523001,0.66049004
PRT,ZAF,0.06876665000000004,0.12145659
ROU,ROU,1.0,1.0
ROU,RUS,0.17869263999999996,0.18493617
ROU,SLV,0.34815704999999997,0.41827473
ROU,SRB,0.21113216999999995,0.041329872
ROU,SVK,0.19365591000000004,0.18643908
ROU,SVN,0.24721139999999997,0.25714073
ROU,SWE,0.25748181000000003,0.32422164
ROU,THA,0.059584259999999944,0.10332523
ROU,TUN,0.09213656000000003,0.13818473
ROU,TWN,0.0001929400000000303,0.0076868613
ROU,UKR,0.19697785,0.18318295
ROU,URY,0.34704435,0.41886398
ROU,USA,0.32698618999999995,0.42412052
ROU,UZB,0.06016153000000002,0.058088318
ROU,VEN,0.34225273,0.41143739
ROU,ZAF,0.08264225999999997,0.10825828
RUS,RUS,1.0,1.0
RUS,SLV,0.12276942000000002,0.15424119
RUS,SRB,0.44947760999999997,0.11151498
RUS,SVK,0.42904031,0.37412921
RUS,SVN,0.36564456999999995,0.35283318
RUS,SWE,0.17648131,0.17644939
RUS,THA,0.035609780000000035,0.052203059
RUS,TUN,0.03395581000000003,0.053095769
RUS,TWN,0.00040196999999997374,0.0088675059
RUS,UKR,0.75146568,0.65626991
RUS,URY,0.14397340999999997,0.1644475
RUS,USA,0.18801159,0.18378285
RUS,UZB,0.26016777999999996,0.24586019
RUS,VEN,0.12106264,0.15197679
RUS,ZAF,0.05405557000000005,0.062216453
SLV,SLV,1.0,1.0
SLV,SRB,0.46131116000000005,0.037382312
SLV,SVK,0.12881922999999995,0.15516293
SLV,SVN,0.43039358000000005,0.20669854
SLV,SWE,0.15857142000000002,0.27517915
SLV,THA,0.02577889,0.086483985
SLV,TUN,0.12861829999999996,0.15683274
SLV,TWN,0.00020324999999998816,0.0083650742
SLV,UKR,0.13364445999999996,0.1504712
SLV,URY,0.80407692,0.8421514
SLV,USA,0.25872545999999996,0.43995741
SLV,UZB,0.04205482999999999,0.048278466
SLV,VEN,0.96922534,0.96976107
SLV,ZAF,0.03813696,0.09131927
SRB,SRB,1.0,1.0
SRB,SVK,0.36946546999999996,0.063256271
SRB,SVN,0.47411263000000003,0.06544482
SRB,SWE,0.18396235000000005,0.033076752
SRB,THA,0.03330820999999995,0.0098483656
SRB,TUN,0.42487705,0.013522722
SRB,TWN,0.0010170299999999743,0.0022205194
SRB,UKR,0.48693103000000004,0.10078068
SRB,URY,0.40341103,0.038211059
SRB,USA,0.22213411000000005,0.036165025
SRB,UZB,0.15137035,0.036874555
SRB,VEN,0.45565897,0.036822826
SRB,ZAF,0.050133879999999964,0.011406452
SVK,SVK,1.0,1.0
SVK,SVN,0.36193310999999995,0.33278257
SVK,SWE,0.22798412999999995,0.22516811
SVK,THA,0.050036190000000036,0.063219331
SVK,TUN,0.039482530000000016,0.057836406
SVK,TWN,0.00012118000000005402,0.0076975138
SVK,UKR,0.46675122,0.36580595
SVK,URY,0.16362602000000004,0.17732787
SVK,USA,0.2551645,0.23887849
SVK,UZB,0.14320600000000006,0.1224625
SVK,VEN,0.12674129,0.15265128
SVK,ZAF,0.07299440999999995,0.073587105
SVN,SVN,1.0,1.0
SVN,SWE,0.30957961,0.32466638
SVN,THA,0.06966686,0.091824211
SVN,TUN,0.40516430000000003,0.079920366
SVN,TWN,0.00016092999999994806,0.0076785581
SVN,UKR,0.40254307,0.34217632
SVN,URY,0.41871320999999995,0.2448376
SVN,USA,0.38786613999999997,0.35994834
SVN,UZB,0.12064474999999997,0.11403415
SVN,VEN,0.42478954999999996,0.20320959
SVN,ZAF,0.09727799999999998,0.10513005
SWE,SWE,1.0,1.0
SWE,THA,0.09778129999999996,0.13303225
SWE,TUN,0.06202715999999997,0.10653882
SWE,TWN,0.0014933900000000389,0.0080471151
SWE,UKR,0.19396340999999995,0.17657274
SWE,URY,0.23615134000000004,0.33833954
SWE,USA,0.47926670000000005,0.54369944
SWE,UZB,0.05745089000000003,0.053070705
SWE,VEN,0.15550447,0.27024686
SWE,ZAF,0.13480537999999997,0.1539901
THA,THA,1.0,1.0
THA,TUN,0.012573539999999994,0.036067735
THA,TWN,0.01564686999999998,0.016345546
THA,UKR,0.03950273999999998,0.051533345
THA,URY,0.05190766000000002,0.10653084
THA,USA,0.13636373999999996,0.17328274
THA,UZB,0.01082802000000005,0.015921604
THA,VEN,0.02523993999999996,0.085006364
THA,ZAF,0.036253690000000005,0.049285445
TUN,TUN,1.0,1.0
TUN,TWN,0.0012881799999999721,0.0043057851
TUN,UKR,0.037608920000000046,0.052254237
TUN,URY,0.11711490000000002,0.15302855
TUN,USA,0.07773065999999995,0.14280444
TUN,UZB,0.01120078999999996,0.017267803
TUN,VEN,0.12894052,0.15426083
TUN,ZAF,0.01682550000000005,0.037325844
TWN,TWN,1.0,1.0
TWN,UKR,0.00011313000000001683,0.0085348161
TWN,URY,0.000652969999999975,0.0085528335
TWN,USA,0.007371660000000002,0.011790262
TWN,UZB,8.070000000004462e-05,0.0033710911
TWN,VEN,6.092000000001985e-05,0.0082182335
TWN,ZAF,8.869000000000238e-05,0.0047266437
UKR,UKR,1.0,1.0
UKR,URY,0.15739888000000002,0.16126555
UKR,USA,0.20800244999999995,0.18334129
UKR,UZB,0.25205051999999994,0.21742412
UKR,VEN,0.13179039999999997,0.14834669
UKR,ZAF,0.05970275000000003,0.061405256
URY,URY,1.0,1.0
URY,USA,0.35557448999999997,0.50382447
URY,UZB,0.0477919,0.050599106
URY,VEN,0.78978202,0.82703018
URY,ZAF,0.07101904999999997,0.11290992
USA,USA,1.0,1.0
USA,UZB,0.05822240999999995,0.05340014
USA,VEN,0.25378787999999997,0.4321382
USA,ZAF,0.17614149999999995,0.18345237
UZB,UZB,1.0,1.0
UZB,VEN,0.04146665000000005,0.047581546
UZB,ZAF,0.016920979999999974,0.01914444
VEN,VEN,1.0,1.0
VEN,ZAF,0.03735756999999995,0.08970353
ZAF,ZAF,1.0,1.0
